date,jo,kai,nichi,race,cname,path,ok,bytes
20261003,05,04,01,01,pw01dde0105202604010120261003/43,data/entries/20261003/05_01.html,1,168106
20261003,05,04,01,02,pw01dde0105202604010220261003/F8,data/entries/20261003/05_02.html,1,141661
20261003,05,04,01,03,pw01dde0105202604010320261003/AD,data/entries/20261003/05_03.html,1,149551
20261003,05,04,01,04,pw01dde0105202604010420261003/62,data/entries/20261003/05_04.html,1,191659
20261003,05,04,01,05,pw01dde0105202604010520261003/17,data/entries/20261003/05_05.html,1,116066
20261003,05,04,01,06,pw01dde0105202604010620261003/CC,data/entries/20261003/05_06.html,1,223261
20261003,05,04,01,07,pw01dde0105202604010720261003/81,data/entries/20261003/05_07.html,1,249008
20261003,05,04,01,08,pw01dde0105202604010820261003/36,data/entries/20261003/05_08.html,1,224858
20261003,05,04,01,09,pw01dde0105202604010920261003/EB,data/entries/20261003/05_09.html,1,186626
20261003,05,04,01,10,pw01dde0105202604011020261003/E0,data/entries/20261003/05_10.html,1,246620
20261003,05,04,01,11,pw01dde0105202604011120261003/95,data/entries/20261003/05_11.html,1,220656
20261003,05,04,01,12,pw01dde0105202604011220261003/4A,data/entries/20261003/05_12.html,1,223493
20261003,08,04,01,01,pw01dde0108202604010120261003/21,data/entries/20261003/08_01.html,1,169445
20261003,08,04,01,02,pw01dde0108202604010220261003/D6,data/entries/20261003/08_02.html,1,142510
20261003,08,04,01,03,pw01dde0108202604010320261003/8B,data/entries/20261003/08_03.html,1,223340
20261003,08,04,01,04,pw01dde0108202604010420261003/40,data/entries/20261003/08_04.html,1,133777
20261003,08,04,01,05,pw01dde0108202604010520261003/F5,data/entries/20261003/08_05.html,1,141657
20261003,08,04,01,06,pw01dde0108202604010620261003/AA,data/entries/20261003/08_06.html,1,233590
20261003,08,04,01,07,pw01dde0108202604010720261003/5F,data/entries/20261003/08_07.html,1,226078
20261003,08,04,01,08,pw01dde0108202604010820261003/14,data/entries/20261003/08_08.html,1,182888
20261003,08,04,01,09,pw01dde0108202604010920261003/C9,data/entries/20261003/08_09.html,1,125888
20261003,08,04,01,10,pw01dde0108202604011020261003/BE,data/entries/20261003/08_10.html,1,232893
20261003,08,04,01,11,pw01dde0108202604011120261003/73,data/entries/20261003/08_11.html,1,251734
20261003,08,04,01,12,pw01dde0108202604011220261003/28,data/entries/20261003/08_12.html,1,210623
20261004,05,04,02,01,pw01dde0105202604020120261004/73,data/entries/20261004/05_01.html,1,144193
20261004,05,04,02,02,pw01dde0105202604020220261004/28,data/entries/20261004/05_02.html,1,174985
20261004,05,04,02,03,pw01dde0105202604020320261004/DD,data/entries/20261004/05_03.html,1,138418
20261004,05,04,02,04,pw01dde0105202604020420261004/92,data/entries/20261004/05_04.html,1,208449
20261004,05,04,02,05,pw01dde0105202604020520261004/47,data/entries/20261004/05_05.html,1,118710
20261004,05,04,02,06,pw01dde0105202604020620261004/FC,data/entries/20261004/05_06.html,1,127406
20261004,05,04,02,07,pw01dde0105202604020720261004/B1,data/entries/20261004/05_07.html,1,219783
20261004,05,04,02,08,pw01dde0105202604020820261004/66,data/entries/20261004/05_08.html,1,227121
20261004,05,04,02,09,pw01dde0105202604020920261004/1B,data/entries/20261004/05_09.html,1,217193
20261004,05,04,02,10,pw01dde0105202604021020261004/10,data/entries/20261004/05_10.html,1,231271
20261004,05,04,02,11,pw01dde0105202604021120261004/C5,data/entries/20261004/05_11.html,1,245366
20261004,05,04,02,12,pw01dde0105202604021220261004/7A,data/entries/20261004/05_12.html,1,224268
20261004,08,04,02,01,pw01dde0108202604020120261004/51,data/entries/20261004/08_01.html,1,120773
20261004,08,04,02,02,pw01dde0108202604020220261004/06,data/entries/20261004/08_02.html,1,126105
20261004,08,04,02,03,pw01dde0108202604020320261004/BB,data/entries/20261004/08_03.html,1,137916
20261004,08,04,02,04,pw01dde0108202604020420261004/70,data/entries/20261004/08_04.html,1,133985
20261004,08,04,02,05,pw01dde0108202604020520261004/25,data/entries/20261004/08_05.html,1,119293
20261004,08,04,02,06,pw01dde0108202604020620261004/DA,data/entries/20261004/08_06.html,1,223436
20261004,08,04,02,07,pw01dde0108202604020720261004/8F,data/entries/20261004/08_07.html,1,242557
20261004,08,04,02,08,pw01dde0108202604020820261004/44,data/entries/20261004/08_08.html,1,224793
20261004,08,04,02,09,pw01dde0108202604020920261004/F9,data/entries/20261004/08_09.html,1,243399
20261004,08,04,02,10,pw01dde0108202604021020261004/EE,data/entries/20261004/08_10.html,1,228486
20261004,08,04,02,11,pw01dde0108202604021120261004/A3,data/entries/20261004/08_11.html,1,256400
20261004,08,04,02,12,pw01dde0108202604021220261004/58,data/entries/20261004/08_12.html,1,244001
