file,year,kai,track,nichi,url,path,ok,bytes
2021-1nakayama1.pdf,2021,1,nakayama,1,https://www.jra.go.jp/datafile/seiseki/report/2021/2021-1nakayama1.pdf,data/text/2021/2021-1nakayama1.txt,1,150922
2021-1nakayama2.pdf,2021,1,nakayama,2,https://www.jra.go.jp/datafile/seiseki/report/2021/2021-1nakayama2.pdf,data/text/2021/2021-1nakayama2.txt,1,153151
2021-1nakayama3.pdf,2021,1,nakayama,3,https://www.jra.go.jp/datafile/seiseki/report/2021/2021-1nakayama3.pdf,data/text/2021/2021-1nakayama3.txt,1,154546
2021-1nakayama4.pdf,2021,1,nakayama,4,https://www.jra.go.jp/datafile/seiseki/report/2021/2021-1nakayama4.pdf,data/text/2021/2021-1nakayama4.txt,1,156051
2021-1nakayama5.pdf,2021,1,nakayama,5,https://www.jra.go.jp/datafile/seiseki/report/2021/2021-1nakayama5.pdf,data/text/2021/2021-1nakayama5.txt,1,149160
2021-1nakayama6.pdf,2021,1,nakayama,6,https://www.jra.go.jp/datafile/seiseki/report/2021/2021-1nakayama6.pdf,data/text/2021/2021-1nakayama6.txt,1,153051
2021-1nakayama7.pdf,2021,1,nakayama,7,https://www.jra.go.jp/datafile/seiseki/report/2021/2021-1nakayama7.pdf,data/text/2021/2021-1nakayama7.txt,1,142310
2021-1nakayama8.pdf,2021,1,nakayama,8,https://www.jra.go.jp/datafile/seiseki/report/2021/2021-1nakayama8.pdf,data/text/2021/2021-1nakayama8.txt,1,148730
2021-2nakayama1.pdf,2021,2,nakayama,1,https://www.jra.go.jp/datafile/seiseki/report/2021/2021-2nakayama1.pdf,data/text/2021/2021-2nakayama1.txt,1,146522
2021-2nakayama2.pdf,2021,2,nakayama,2,https://www.jra.go.jp/datafile/seiseki/report/2021/2021-2nakayama2.pdf,data/text/2021/2021-2nakayama2.txt,1,145378
2021-2nakayama3.pdf,2021,2,nakayama,3,https://www.jra.go.jp/datafile/seiseki/report/2021/2021-2nakayama3.pdf,data/text/2021/2021-2nakayama3.txt,1,152954
2021-2nakayama4.pdf,2021,2,nakayama,4,https://www.jra.go.jp/datafile/seiseki/report/2021/2021-2nakayama4.pdf,data/text/2021/2021-2nakayama4.txt,1,152049
2021-2nakayama5.pdf,2021,2,nakayama,5,https://www.jra.go.jp/datafile/seiseki/report/2021/2021-2nakayama5.pdf,data/text/2021/2021-2nakayama5.txt,1,150213
2021-2nakayama6.pdf,2021,2,nakayama,6,https://www.jra.go.jp/datafile/seiseki/report/2021/2021-2nakayama6.pdf,data/text/2021/2021-2nakayama6.txt,1,147626
2021-2nakayama7.pdf,2021,2,nakayama,7,https://www.jra.go.jp/datafile/seiseki/report/2021/2021-2nakayama7.pdf,data/text/2021/2021-2nakayama7.txt,1,147218
2021-2nakayama8.pdf,2021,2,nakayama,8,https://www.jra.go.jp/datafile/seiseki/report/2021/2021-2nakayama8.pdf,data/text/2021/2021-2nakayama8.txt,1,155924
2021-3nakayama1.pdf,2021,3,nakayama,1,https://www.jra.go.jp/datafile/seiseki/report/2021/2021-3nakayama1.pdf,data/text/2021/2021-3nakayama1.txt,1,144719
2021-3nakayama2.pdf,2021,3,nakayama,2,https://www.jra.go.jp/datafile/seiseki/report/2021/2021-3nakayama2.pdf,data/text/2021/2021-3nakayama2.txt,1,144750
2021-3nakayama3.pdf,2021,3,nakayama,3,https://www.jra.go.jp/datafile/seiseki/report/2021/2021-3nakayama3.pdf,data/text/2021/2021-3nakayama3.txt,1,152199
2021-3nakayama4.pdf,2021,3,nakayama,4,https://www.jra.go.jp/datafile/seiseki/report/2021/2021-3nakayama4.pdf,data/text/2021/2021-3nakayama4.txt,1,147823
2021-3nakayama5.pdf,2021,3,nakayama,5,https://www.jra.go.jp/datafile/seiseki/report/2021/2021-3nakayama5.pdf,data/text/2021/2021-3nakayama5.txt,1,147869
2021-3nakayama6.pdf,2021,3,nakayama,6,https://www.jra.go.jp/datafile/seiseki/report/2021/2021-3nakayama6.pdf,data/text/2021/2021-3nakayama6.txt,1,135983
2021-3nakayama7.pdf,2021,3,nakayama,7,https://www.jra.go.jp/datafile/seiseki/report/2021/2021-3nakayama7.pdf,data/text/2021/2021-3nakayama7.txt,1,142059
2021-3nakayama8.pdf,2021,3,nakayama,8,https://www.jra.go.jp/datafile/seiseki/report/2021/2021-3nakayama8.pdf,data/text/2021/2021-3nakayama8.txt,1,148800
2021-4nakayama1.pdf,2021,4,nakayama,1,https://www.jra.go.jp/datafile/seiseki/report/2021/2021-4nakayama1.pdf,data/text/2021/2021-4nakayama1.txt,1,140278
2021-4nakayama2.pdf,2021,4,nakayama,2,https://www.jra.go.jp/datafile/seiseki/report/2021/2021-4nakayama2.pdf,data/text/2021/2021-4nakayama2.txt,1,143235
2021-4nakayama3.pdf,2021,4,nakayama,3,https://www.jra.go.jp/datafile/seiseki/report/2021/2021-4nakayama3.pdf,data/text/2021/2021-4nakayama3.txt,1,143893
2021-4nakayama4.pdf,2021,4,nakayama,4,https://www.jra.go.jp/datafile/seiseki/report/2021/2021-4nakayama4.pdf,data/text/2021/2021-4nakayama4.txt,1,146171
2021-4nakayama5.pdf,2021,4,nakayama,5,https://www.jra.go.jp/datafile/seiseki/report/2021/2021-4nakayama5.pdf,data/text/2021/2021-4nakayama5.txt,1,139668
2021-4nakayama6.pdf,2021,4,nakayama,6,https://www.jra.go.jp/datafile/seiseki/report/2021/2021-4nakayama6.pdf,data/text/2021/2021-4nakayama6.txt,1,146219
2021-4nakayama7.pdf,2021,4,nakayama,7,https://www.jra.go.jp/datafile/seiseki/report/2021/2021-4nakayama7.pdf,data/text/2021/2021-4nakayama7.txt,1,152089
2021-4nakayama8.pdf,2021,4,nakayama,8,https://www.jra.go.jp/datafile/seiseki/report/2021/2021-4nakayama8.pdf,data/text/2021/2021-4nakayama8.txt,1,150244
2021-4nakayama9.pdf,2021,4,nakayama,9,https://www.jra.go.jp/datafile/seiseki/report/2021/2021-4nakayama9.pdf,data/text/2021/2021-4nakayama9.txt,1,150062
2021-5nakayama1.pdf,2021,5,nakayama,1,https://www.jra.go.jp/datafile/seiseki/report/2021/2021-5nakayama1.pdf,data/text/2021/2021-5nakayama1.txt,1,148358
2021-5nakayama2.pdf,2021,5,nakayama,2,https://www.jra.go.jp/datafile/seiseki/report/2021/2021-5nakayama2.pdf,data/text/2021/2021-5nakayama2.txt,1,145731
2021-5nakayama3.pdf,2021,5,nakayama,3,https://www.jra.go.jp/datafile/seiseki/report/2021/2021-5nakayama3.pdf,data/text/2021/2021-5nakayama3.txt,1,141259
2021-5nakayama4.pdf,2021,5,nakayama,4,https://www.jra.go.jp/datafile/seiseki/report/2021/2021-5nakayama4.pdf,data/text/2021/2021-5nakayama4.txt,1,144779
2021-5nakayama5.pdf,2021,5,nakayama,5,https://www.jra.go.jp/datafile/seiseki/report/2021/2021-5nakayama5.pdf,data/text/2021/2021-5nakayama5.txt,1,150114
2021-5nakayama6.pdf,2021,5,nakayama,6,https://www.jra.go.jp/datafile/seiseki/report/2021/2021-5nakayama6.pdf,data/text/2021/2021-5nakayama6.txt,1,148798
2021-5nakayama7.pdf,2021,5,nakayama,7,https://www.jra.go.jp/datafile/seiseki/report/2021/2021-5nakayama7.pdf,data/text/2021/2021-5nakayama7.txt,1,148629
2021-5nakayama8.pdf,2021,5,nakayama,8,https://www.jra.go.jp/datafile/seiseki/report/2021/2021-5nakayama8.pdf,data/text/2021/2021-5nakayama8.txt,1,156527
2021-5nakayama9.pdf,2021,5,nakayama,9,https://www.jra.go.jp/datafile/seiseki/report/2021/2021-5nakayama9.pdf,data/text/2021/2021-5nakayama9.txt,1,151875
2021-1hanshin1.pdf,2021,1,hanshin,1,https://www.jra.go.jp/datafile/seiseki/report/2021/2021-1hanshin1.pdf,data/text/2021/2021-1hanshin1.txt,1,131008
2021-1hanshin2.pdf,2021,1,hanshin,2,https://www.jra.go.jp/datafile/seiseki/report/2021/2021-1hanshin2.pdf,data/text/2021/2021-1hanshin2.txt,1,136453
2021-1hanshin3.pdf,2021,1,hanshin,3,https://www.jra.go.jp/datafile/seiseki/report/2021/2021-1hanshin3.pdf,data/text/2021/2021-1hanshin3.txt,1,141990
2021-1hanshin4.pdf,2021,1,hanshin,4,https://www.jra.go.jp/datafile/seiseki/report/2021/2021-1hanshin4.pdf,data/text/2021/2021-1hanshin4.txt,1,140818
2021-1hanshin5.pdf,2021,1,hanshin,5,https://www.jra.go.jp/datafile/seiseki/report/2021/2021-1hanshin5.pdf,data/text/2021/2021-1hanshin5.txt,1,137625
2021-1hanshin6.pdf,2021,1,hanshin,6,https://www.jra.go.jp/datafile/seiseki/report/2021/2021-1hanshin6.pdf,data/text/2021/2021-1hanshin6.txt,1,137713
2021-1hanshin7.pdf,2021,1,hanshin,7,https://www.jra.go.jp/datafile/seiseki/report/2021/2021-1hanshin7.pdf,data/text/2021/2021-1hanshin7.txt,1,133623
2021-1hanshin8.pdf,2021,1,hanshin,8,https://www.jra.go.jp/datafile/seiseki/report/2021/2021-1hanshin8.pdf,data/text/2021/2021-1hanshin8.txt,1,132654
2021-1hanshin9.pdf,2021,1,hanshin,9,https://www.jra.go.jp/datafile/seiseki/report/2021/2021-1hanshin9.pdf,data/text/2021/2021-1hanshin9.txt,1,131732
2021-1hanshin10.pdf,2021,1,hanshin,10,https://www.jra.go.jp/datafile/seiseki/report/2021/2021-1hanshin10.pdf,data/text/2021/2021-1hanshin10.txt,1,133973
2021-1hanshin11.pdf,2021,1,hanshin,11,https://www.jra.go.jp/datafile/seiseki/report/2021/2021-1hanshin11.pdf,data/text/2021/2021-1hanshin11.txt,1,136290
2021-1hanshin12.pdf,2021,1,hanshin,12,https://www.jra.go.jp/datafile/seiseki/report/2021/2021-1hanshin12.pdf,data/text/2021/2021-1hanshin12.txt,1,138310
2021-2hanshin1.pdf,2021,2,hanshin,1,https://www.jra.go.jp/datafile/seiseki/report/2021/2021-2hanshin1.pdf,data/text/2021/2021-2hanshin1.txt,1,132955
2021-2hanshin2.pdf,2021,2,hanshin,2,https://www.jra.go.jp/datafile/seiseki/report/2021/2021-2hanshin2.pdf,data/text/2021/2021-2hanshin2.txt,1,141548
2021-2hanshin3.pdf,2021,2,hanshin,3,https://www.jra.go.jp/datafile/seiseki/report/2021/2021-2hanshin3.pdf,data/text/2021/2021-2hanshin3.txt,1,138727
2021-2hanshin4.pdf,2021,2,hanshin,4,https://www.jra.go.jp/datafile/seiseki/report/2021/2021-2hanshin4.pdf,data/text/2021/2021-2hanshin4.txt,1,150972
2021-2hanshin5.pdf,2021,2,hanshin,5,https://www.jra.go.jp/datafile/seiseki/report/2021/2021-2hanshin5.pdf,data/text/2021/2021-2hanshin5.txt,1,142184
2021-2hanshin6.pdf,2021,2,hanshin,6,https://www.jra.go.jp/datafile/seiseki/report/2021/2021-2hanshin6.pdf,data/text/2021/2021-2hanshin6.txt,1,145012
2021-2hanshin7.pdf,2021,2,hanshin,7,https://www.jra.go.jp/datafile/seiseki/report/2021/2021-2hanshin7.pdf,data/text/2021/2021-2hanshin7.txt,1,145977
2021-2hanshin8.pdf,2021,2,hanshin,8,https://www.jra.go.jp/datafile/seiseki/report/2021/2021-2hanshin8.pdf,data/text/2021/2021-2hanshin8.txt,1,136782
2021-2hanshin9.pdf,2021,2,hanshin,9,https://www.jra.go.jp/datafile/seiseki/report/2021/2021-2hanshin9.pdf,data/text/2021/2021-2hanshin9.txt,1,131267
2021-2hanshin10.pdf,2021,2,hanshin,10,https://www.jra.go.jp/datafile/seiseki/report/2021/2021-2hanshin10.pdf,data/text/2021/2021-2hanshin10.txt,1,144306
2021-2hanshin11.pdf,2021,2,hanshin,11,https://www.jra.go.jp/datafile/seiseki/report/2021/2021-2hanshin11.pdf,data/text/2021/2021-2hanshin11.txt,1,140116
2021-2hanshin12.pdf,2021,2,hanshin,12,https://www.jra.go.jp/datafile/seiseki/report/2021/2021-2hanshin12.pdf,data/text/2021/2021-2hanshin12.txt,1,149775
2021-3hanshin1.pdf,2021,3,hanshin,1,https://www.jra.go.jp/datafile/seiseki/report/2021/2021-3hanshin1.pdf,data/text/2021/2021-3hanshin1.txt,1,134928
2021-3hanshin2.pdf,2021,3,hanshin,2,https://www.jra.go.jp/datafile/seiseki/report/2021/2021-3hanshin2.pdf,data/text/2021/2021-3hanshin2.txt,1,145696
2021-3hanshin3.pdf,2021,3,hanshin,3,https://www.jra.go.jp/datafile/seiseki/report/2021/2021-3hanshin3.pdf,data/text/2021/2021-3hanshin3.txt,1,138708
2021-3hanshin4.pdf,2021,3,hanshin,4,https://www.jra.go.jp/datafile/seiseki/report/2021/2021-3hanshin4.pdf,data/text/2021/2021-3hanshin4.txt,1,146107
2021-4hanshin1.pdf,2021,4,hanshin,1,https://www.jra.go.jp/datafile/seiseki/report/2021/2021-4hanshin1.pdf,data/text/2021/2021-4hanshin1.txt,1,126412
2021-4hanshin2.pdf,2021,4,hanshin,2,https://www.jra.go.jp/datafile/seiseki/report/2021/2021-4hanshin2.pdf,data/text/2021/2021-4hanshin2.txt,1,131217
2021-4hanshin3.pdf,2021,4,hanshin,3,https://www.jra.go.jp/datafile/seiseki/report/2021/2021-4hanshin3.pdf,data/text/2021/2021-4hanshin3.txt,1,127477
2021-4hanshin4.pdf,2021,4,hanshin,4,https://www.jra.go.jp/datafile/seiseki/report/2021/2021-4hanshin4.pdf,data/text/2021/2021-4hanshin4.txt,1,135748
2021-4hanshin5.pdf,2021,4,hanshin,5,https://www.jra.go.jp/datafile/seiseki/report/2021/2021-4hanshin5.pdf,data/text/2021/2021-4hanshin5.txt,1,135480
2021-4hanshin6.pdf,2021,4,hanshin,6,https://www.jra.go.jp/datafile/seiseki/report/2021/2021-4hanshin6.pdf,data/text/2021/2021-4hanshin6.txt,1,137990
2021-4hanshin7.pdf,2021,4,hanshin,7,https://www.jra.go.jp/datafile/seiseki/report/2021/2021-4hanshin7.pdf,data/text/2021/2021-4hanshin7.txt,1,130253
2021-4hanshin8.pdf,2021,4,hanshin,8,https://www.jra.go.jp/datafile/seiseki/report/2021/2021-4hanshin8.pdf,data/text/2021/2021-4hanshin8.txt,1,140344
2021-5hanshin1.pdf,2021,5,hanshin,1,https://www.jra.go.jp/datafile/seiseki/report/2021/2021-5hanshin1.pdf,data/text/2021/2021-5hanshin1.txt,1,132740
2021-5hanshin2.pdf,2021,5,hanshin,2,https://www.jra.go.jp/datafile/seiseki/report/2021/2021-5hanshin2.pdf,data/text/2021/2021-5hanshin2.txt,1,132577
2021-5hanshin3.pdf,2021,5,hanshin,3,https://www.jra.go.jp/datafile/seiseki/report/2021/2021-5hanshin3.pdf,data/text/2021/2021-5hanshin3.txt,1,133223
2021-5hanshin4.pdf,2021,5,hanshin,4,https://www.jra.go.jp/datafile/seiseki/report/2021/2021-5hanshin4.pdf,data/text/2021/2021-5hanshin4.txt,1,134690
2021-5hanshin5.pdf,2021,5,hanshin,5,https://www.jra.go.jp/datafile/seiseki/report/2021/2021-5hanshin5.pdf,data/text/2021/2021-5hanshin5.txt,1,141380
2021-5hanshin6.pdf,2021,5,hanshin,6,https://www.jra.go.jp/datafile/seiseki/report/2021/2021-5hanshin6.pdf,data/text/2021/2021-5hanshin6.txt,1,138403
2021-5hanshin7.pdf,2021,5,hanshin,7,https://www.jra.go.jp/datafile/seiseki/report/2021/2021-5hanshin7.pdf,data/text/2021/2021-5hanshin7.txt,1,138298
2021-5hanshin8.pdf,2021,5,hanshin,8,https://www.jra.go.jp/datafile/seiseki/report/2021/2021-5hanshin8.pdf,data/text/2021/2021-5hanshin8.txt,1,138460
2021-6hanshin1.pdf,2021,6,hanshin,1,https://www.jra.go.jp/datafile/seiseki/report/2021/2021-6hanshin1.pdf,data/text/2021/2021-6hanshin1.txt,1,126491
2021-6hanshin2.pdf,2021,6,hanshin,2,https://www.jra.go.jp/datafile/seiseki/report/2021/2021-6hanshin2.pdf,data/text/2021/2021-6hanshin2.txt,1,129110
2021-6hanshin3.pdf,2021,6,hanshin,3,https://www.jra.go.jp/datafile/seiseki/report/2021/2021-6hanshin3.pdf,data/text/2021/2021-6hanshin3.txt,1,133278
2021-6hanshin4.pdf,2021,6,hanshin,4,https://www.jra.go.jp/datafile/seiseki/report/2021/2021-6hanshin4.pdf,data/text/2021/2021-6hanshin4.txt,1,138529
2021-6hanshin5.pdf,2021,6,hanshin,5,https://www.jra.go.jp/datafile/seiseki/report/2021/2021-6hanshin5.pdf,data/text/2021/2021-6hanshin5.txt,1,134013
2021-6hanshin6.pdf,2021,6,hanshin,6,https://www.jra.go.jp/datafile/seiseki/report/2021/2021-6hanshin6.pdf,data/text/2021/2021-6hanshin6.txt,1,140072
2021-6hanshin7.pdf,2021,6,hanshin,7,https://www.jra.go.jp/datafile/seiseki/report/2021/2021-6hanshin7.pdf,data/text/2021/2021-6hanshin7.txt,1,142653
2021-6hanshin8.pdf,2021,6,hanshin,8,https://www.jra.go.jp/datafile/seiseki/report/2021/2021-6hanshin8.pdf,data/text/2021/2021-6hanshin8.txt,1,148861
2021-6hanshin9.pdf,2021,6,hanshin,9,https://www.jra.go.jp/datafile/seiseki/report/2021/2021-6hanshin9.pdf,data/text/2021/2021-6hanshin9.txt,1,144991
2022-1nakayama1.pdf,2022,1,nakayama,1,https://www.jra.go.jp/datafile/seiseki/report/2022/2022-1nakayama1.pdf,data/text/2022/2022-1nakayama1.txt,1,144227
2022-1nakayama2.pdf,2022,1,nakayama,2,https://www.jra.go.jp/datafile/seiseki/report/2022/2022-1nakayama2.pdf,data/text/2022/2022-1nakayama2.txt,1,150983
2022-1nakayama3.pdf,2022,1,nakayama,3,https://www.jra.go.jp/datafile/seiseki/report/2022/2022-1nakayama3.pdf,data/text/2022/2022-1nakayama3.txt,1,149123
2022-1nakayama4.pdf,2022,1,nakayama,4,https://www.jra.go.jp/datafile/seiseki/report/2022/2022-1nakayama4.pdf,data/text/2022/2022-1nakayama4.txt,1,155867
2022-1nakayama5.pdf,2022,1,nakayama,5,https://www.jra.go.jp/datafile/seiseki/report/2022/2022-1nakayama5.pdf,data/text/2022/2022-1nakayama5.txt,1,138681
2022-1nakayama6.pdf,2022,1,nakayama,6,https://www.jra.go.jp/datafile/seiseki/report/2022/2022-1nakayama6.pdf,data/text/2022/2022-1nakayama6.txt,1,149769
2022-1nakayama7.pdf,2022,1,nakayama,7,https://www.jra.go.jp/datafile/seiseki/report/2022/2022-1nakayama7.pdf,data/text/2022/2022-1nakayama7.txt,1,143394
2022-1nakayama8.pdf,2022,1,nakayama,8,https://www.jra.go.jp/datafile/seiseki/report/2022/2022-1nakayama8.pdf,data/text/2022/2022-1nakayama8.txt,1,143390
2022-2nakayama1.pdf,2022,2,nakayama,1,https://www.jra.go.jp/datafile/seiseki/report/2022/2022-2nakayama1.pdf,data/text/2022/2022-2nakayama1.txt,1,146675
2022-2nakayama2.pdf,2022,2,nakayama,2,https://www.jra.go.jp/datafile/seiseki/report/2022/2022-2nakayama2.pdf,data/text/2022/2022-2nakayama2.txt,1,150927
2022-2nakayama3.pdf,2022,2,nakayama,3,https://www.jra.go.jp/datafile/seiseki/report/2022/2022-2nakayama3.pdf,data/text/2022/2022-2nakayama3.txt,1,148297
2022-2nakayama4.pdf,2022,2,nakayama,4,https://www.jra.go.jp/datafile/seiseki/report/2022/2022-2nakayama4.pdf,data/text/2022/2022-2nakayama4.txt,1,151303
2022-2nakayama5.pdf,2022,2,nakayama,5,https://www.jra.go.jp/datafile/seiseki/report/2022/2022-2nakayama5.pdf,data/text/2022/2022-2nakayama5.txt,1,151218
2022-2nakayama6.pdf,2022,2,nakayama,6,https://www.jra.go.jp/datafile/seiseki/report/2022/2022-2nakayama6.pdf,data/text/2022/2022-2nakayama6.txt,1,145556
2022-2nakayama7.pdf,2022,2,nakayama,7,https://www.jra.go.jp/datafile/seiseki/report/2022/2022-2nakayama7.pdf,data/text/2022/2022-2nakayama7.txt,1,157161
2022-2nakayama8.pdf,2022,2,nakayama,8,https://www.jra.go.jp/datafile/seiseki/report/2022/2022-2nakayama8.pdf,data/text/2022/2022-2nakayama8.txt,1,149761
2022-3nakayama1.pdf,2022,3,nakayama,1,https://www.jra.go.jp/datafile/seiseki/report/2022/2022-3nakayama1.pdf,data/text/2022/2022-3nakayama1.txt,1,142540
2022-3nakayama2.pdf,2022,3,nakayama,2,https://www.jra.go.jp/datafile/seiseki/report/2022/2022-3nakayama2.pdf,data/text/2022/2022-3nakayama2.txt,1,144424
2022-3nakayama3.pdf,2022,3,nakayama,3,https://www.jra.go.jp/datafile/seiseki/report/2022/2022-3nakayama3.pdf,data/text/2022/2022-3nakayama3.txt,1,144006
2022-3nakayama4.pdf,2022,3,nakayama,4,https://www.jra.go.jp/datafile/seiseki/report/2022/2022-3nakayama4.pdf,data/text/2022/2022-3nakayama4.txt,1,142108
2022-3nakayama5.pdf,2022,3,nakayama,5,https://www.jra.go.jp/datafile/seiseki/report/2022/2022-3nakayama5.pdf,data/text/2022/2022-3nakayama5.txt,1,149984
2022-3nakayama6.pdf,2022,3,nakayama,6,https://www.jra.go.jp/datafile/seiseki/report/2022/2022-3nakayama6.pdf,data/text/2022/2022-3nakayama6.txt,1,149467
2022-3nakayama7.pdf,2022,3,nakayama,7,https://www.jra.go.jp/datafile/seiseki/report/2022/2022-3nakayama7.pdf,data/text/2022/2022-3nakayama7.txt,1,142594
2022-3nakayama8.pdf,2022,3,nakayama,8,https://www.jra.go.jp/datafile/seiseki/report/2022/2022-3nakayama8.pdf,data/text/2022/2022-3nakayama8.txt,1,157060
2022-4nakayama1.pdf,2022,4,nakayama,1,https://www.jra.go.jp/datafile/seiseki/report/2022/2022-4nakayama1.pdf,data/text/2022/2022-4nakayama1.txt,1,134512
2022-4nakayama2.pdf,2022,4,nakayama,2,https://www.jra.go.jp/datafile/seiseki/report/2022/2022-4nakayama2.pdf,data/text/2022/2022-4nakayama2.txt,1,139767
2022-4nakayama3.pdf,2022,4,nakayama,3,https://www.jra.go.jp/datafile/seiseki/report/2022/2022-4nakayama3.pdf,data/text/2022/2022-4nakayama3.txt,1,134559
2022-4nakayama4.pdf,2022,4,nakayama,4,https://www.jra.go.jp/datafile/seiseki/report/2022/2022-4nakayama4.pdf,data/text/2022/2022-4nakayama4.txt,1,147254
2022-4nakayama5.pdf,2022,4,nakayama,5,https://www.jra.go.jp/datafile/seiseki/report/2022/2022-4nakayama5.pdf,data/text/2022/2022-4nakayama5.txt,1,137201
2022-4nakayama6.pdf,2022,4,nakayama,6,https://www.jra.go.jp/datafile/seiseki/report/2022/2022-4nakayama6.pdf,data/text/2022/2022-4nakayama6.txt,1,146386
2022-4nakayama7.pdf,2022,4,nakayama,7,https://www.jra.go.jp/datafile/seiseki/report/2022/2022-4nakayama7.pdf,data/text/2022/2022-4nakayama7.txt,1,146304
2022-4nakayama8.pdf,2022,4,nakayama,8,https://www.jra.go.jp/datafile/seiseki/report/2022/2022-4nakayama8.pdf,data/text/2022/2022-4nakayama8.txt,1,140862
2022-4nakayama9.pdf,2022,4,nakayama,9,https://www.jra.go.jp/datafile/seiseki/report/2022/2022-4nakayama9.pdf,data/text/2022/2022-4nakayama9.txt,1,148792
2022-5nakayama1.pdf,2022,5,nakayama,1,https://www.jra.go.jp/datafile/seiseki/report/2022/2022-5nakayama1.pdf,data/text/2022/2022-5nakayama1.txt,1,151768
2022-5nakayama2.pdf,2022,5,nakayama,2,https://www.jra.go.jp/datafile/seiseki/report/2022/2022-5nakayama2.pdf,data/text/2022/2022-5nakayama2.txt,1,151426
2022-5nakayama3.pdf,2022,5,nakayama,3,https://www.jra.go.jp/datafile/seiseki/report/2022/2022-5nakayama3.pdf,data/text/2022/2022-5nakayama3.txt,1,153766
2022-5nakayama4.pdf,2022,5,nakayama,4,https://www.jra.go.jp/datafile/seiseki/report/2022/2022-5nakayama4.pdf,data/text/2022/2022-5nakayama4.txt,1,153963
2022-5nakayama5.pdf,2022,5,nakayama,5,https://www.jra.go.jp/datafile/seiseki/report/2022/2022-5nakayama5.pdf,data/text/2022/2022-5nakayama5.txt,1,155011
2022-5nakayama6.pdf,2022,5,nakayama,6,https://www.jra.go.jp/datafile/seiseki/report/2022/2022-5nakayama6.pdf,data/text/2022/2022-5nakayama6.txt,1,150339
2022-5nakayama7.pdf,2022,5,nakayama,7,https://www.jra.go.jp/datafile/seiseki/report/2022/2022-5nakayama7.pdf,data/text/2022/2022-5nakayama7.txt,1,154379
2022-5nakayama8.pdf,2022,5,nakayama,8,https://www.jra.go.jp/datafile/seiseki/report/2022/2022-5nakayama8.pdf,data/text/2022/2022-5nakayama8.txt,1,162620
2022-5nakayama9.pdf,2022,5,nakayama,9,https://www.jra.go.jp/datafile/seiseki/report/2022/2022-5nakayama9.pdf,data/text/2022/2022-5nakayama9.txt,1,159472
2022-1hanshin1.pdf,2022,1,hanshin,1,https://www.jra.go.jp/datafile/seiseki/report/2022/2022-1hanshin1.pdf,data/text/2022/2022-1hanshin1.txt,1,131120
2022-1hanshin2.pdf,2022,1,hanshin,2,https://www.jra.go.jp/datafile/seiseki/report/2022/2022-1hanshin2.pdf,data/text/2022/2022-1hanshin2.txt,1,135213
2022-1hanshin3.pdf,2022,1,hanshin,3,https://www.jra.go.jp/datafile/seiseki/report/2022/2022-1hanshin3.pdf,data/text/2022/2022-1hanshin3.txt,1,139569
2022-1hanshin4.pdf,2022,1,hanshin,4,https://www.jra.go.jp/datafile/seiseki/report/2022/2022-1hanshin4.pdf,data/text/2022/2022-1hanshin4.txt,1,136235
2022-1hanshin5.pdf,2022,1,hanshin,5,https://www.jra.go.jp/datafile/seiseki/report/2022/2022-1hanshin5.pdf,data/text/2022/2022-1hanshin5.txt,1,140840
2022-1hanshin6.pdf,2022,1,hanshin,6,https://www.jra.go.jp/datafile/seiseki/report/2022/2022-1hanshin6.pdf,data/text/2022/2022-1hanshin6.txt,1,141496
2022-1hanshin7.pdf,2022,1,hanshin,7,https://www.jra.go.jp/datafile/seiseki/report/2022/2022-1hanshin7.pdf,data/text/2022/2022-1hanshin7.txt,1,138671
2022-1hanshin8.pdf,2022,1,hanshin,8,https://www.jra.go.jp/datafile/seiseki/report/2022/2022-1hanshin8.pdf,data/text/2022/2022-1hanshin8.txt,1,135790
2022-1hanshin9.pdf,2022,1,hanshin,9,https://www.jra.go.jp/datafile/seiseki/report/2022/2022-1hanshin9.pdf,data/text/2022/2022-1hanshin9.txt,1,135355
2022-1hanshin10.pdf,2022,1,hanshin,10,https://www.jra.go.jp/datafile/seiseki/report/2022/2022-1hanshin10.pdf,data/text/2022/2022-1hanshin10.txt,1,138905
2022-1hanshin11.pdf,2022,1,hanshin,11,https://www.jra.go.jp/datafile/seiseki/report/2022/2022-1hanshin11.pdf,data/text/2022/2022-1hanshin11.txt,1,139008
2022-1hanshin12.pdf,2022,1,hanshin,12,https://www.jra.go.jp/datafile/seiseki/report/2022/2022-1hanshin12.pdf,data/text/2022/2022-1hanshin12.txt,1,144687
2022-2hanshin1.pdf,2022,2,hanshin,1,https://www.jra.go.jp/datafile/seiseki/report/2022/2022-2hanshin1.pdf,data/text/2022/2022-2hanshin1.txt,1,130086
2022-2hanshin2.pdf,2022,2,hanshin,2,https://www.jra.go.jp/datafile/seiseki/report/2022/2022-2hanshin2.pdf,data/text/2022/2022-2hanshin2.txt,1,141083
2022-2hanshin3.pdf,2022,2,hanshin,3,https://www.jra.go.jp/datafile/seiseki/report/2022/2022-2hanshin3.pdf,data/text/2022/2022-2hanshin3.txt,1,143187
2022-2hanshin4.pdf,2022,2,hanshin,4,https://www.jra.go.jp/datafile/seiseki/report/2022/2022-2hanshin4.pdf,data/text/2022/2022-2hanshin4.txt,1,149230
2022-2hanshin5.pdf,2022,2,hanshin,5,https://www.jra.go.jp/datafile/seiseki/report/2022/2022-2hanshin5.pdf,data/text/2022/2022-2hanshin5.txt,1,145059
2022-2hanshin6.pdf,2022,2,hanshin,6,https://www.jra.go.jp/datafile/seiseki/report/2022/2022-2hanshin6.pdf,data/text/2022/2022-2hanshin6.txt,1,147617
2022-2hanshin7.pdf,2022,2,hanshin,7,https://www.jra.go.jp/datafile/seiseki/report/2022/2022-2hanshin7.pdf,data/text/2022/2022-2hanshin7.txt,1,146538
2022-2hanshin8.pdf,2022,2,hanshin,8,https://www.jra.go.jp/datafile/seiseki/report/2022/2022-2hanshin8.pdf,data/text/2022/2022-2hanshin8.txt,1,147622
2022-2hanshin9.pdf,2022,2,hanshin,9,https://www.jra.go.jp/datafile/seiseki/report/2022/2022-2hanshin9.pdf,data/text/2022/2022-2hanshin9.txt,1,130836
2022-2hanshin10.pdf,2022,2,hanshin,10,https://www.jra.go.jp/datafile/seiseki/report/2022/2022-2hanshin10.pdf,data/text/2022/2022-2hanshin10.txt,1,145295
2022-2hanshin11.pdf,2022,2,hanshin,11,https://www.jra.go.jp/datafile/seiseki/report/2022/2022-2hanshin11.pdf,data/text/2022/2022-2hanshin11.txt,1,137610
2022-2hanshin12.pdf,2022,2,hanshin,12,https://www.jra.go.jp/datafile/seiseki/report/2022/2022-2hanshin12.pdf,data/text/2022/2022-2hanshin12.txt,1,139218
2022-3hanshin1.pdf,2022,3,hanshin,1,https://www.jra.go.jp/datafile/seiseki/report/2022/2022-3hanshin1.pdf,data/text/2022/2022-3hanshin1.txt,1,136800
2022-3hanshin2.pdf,2022,3,hanshin,2,https://www.jra.go.jp/datafile/seiseki/report/2022/2022-3hanshin2.pdf,data/text/2022/2022-3hanshin2.txt,1,146501
2022-3hanshin3.pdf,2022,3,hanshin,3,https://www.jra.go.jp/datafile/seiseki/report/2022/2022-3hanshin3.pdf,data/text/2022/2022-3hanshin3.txt,1,148354
2022-3hanshin4.pdf,2022,3,hanshin,4,https://www.jra.go.jp/datafile/seiseki/report/2022/2022-3hanshin4.pdf,data/text/2022/2022-3hanshin4.txt,1,156523
2022-4hanshin1.pdf,2022,4,hanshin,1,https://www.jra.go.jp/datafile/seiseki/report/2022/2022-4hanshin1.pdf,data/text/2022/2022-4hanshin1.txt,1,135413
2022-4hanshin2.pdf,2022,4,hanshin,2,https://www.jra.go.jp/datafile/seiseki/report/2022/2022-4hanshin2.pdf,data/text/2022/2022-4hanshin2.txt,1,133473
2022-4hanshin3.pdf,2022,4,hanshin,3,https://www.jra.go.jp/datafile/seiseki/report/2022/2022-4hanshin3.pdf,data/text/2022/2022-4hanshin3.txt,1,130370
2022-4hanshin4.pdf,2022,4,hanshin,4,https://www.jra.go.jp/datafile/seiseki/report/2022/2022-4hanshin4.pdf,data/text/2022/2022-4hanshin4.txt,1,124831
2022-4hanshin5.pdf,2022,4,hanshin,5,https://www.jra.go.jp/datafile/seiseki/report/2022/2022-4hanshin5.pdf,data/text/2022/2022-4hanshin5.txt,1,126567
2022-4hanshin6.pdf,2022,4,hanshin,6,https://www.jra.go.jp/datafile/seiseki/report/2022/2022-4hanshin6.pdf,data/text/2022/2022-4hanshin6.txt,1,129821
2022-4hanshin7.pdf,2022,4,hanshin,7,https://www.jra.go.jp/datafile/seiseki/report/2022/2022-4hanshin7.pdf,data/text/2022/2022-4hanshin7.txt,1,138678
2022-4hanshin8.pdf,2022,4,hanshin,8,https://www.jra.go.jp/datafile/seiseki/report/2022/2022-4hanshin8.pdf,data/text/2022/2022-4hanshin8.txt,1,137204
2022-4hanshin9.pdf,2022,4,hanshin,9,https://www.jra.go.jp/datafile/seiseki/report/2022/2022-4hanshin9.pdf,data/text/2022/2022-4hanshin9.txt,1,132609
2022-5hanshin1.pdf,2022,5,hanshin,1,https://www.jra.go.jp/datafile/seiseki/report/2022/2022-5hanshin1.pdf,data/text/2022/2022-5hanshin1.txt,1,129441
2022-5hanshin2.pdf,2022,5,hanshin,2,https://www.jra.go.jp/datafile/seiseki/report/2022/2022-5hanshin2.pdf,data/text/2022/2022-5hanshin2.txt,1,129499
2022-5hanshin3.pdf,2022,5,hanshin,3,https://www.jra.go.jp/datafile/seiseki/report/2022/2022-5hanshin3.pdf,data/text/2022/2022-5hanshin3.txt,1,131816
2022-5hanshin4.pdf,2022,5,hanshin,4,https://www.jra.go.jp/datafile/seiseki/report/2022/2022-5hanshin4.pdf,data/text/2022/2022-5hanshin4.txt,1,138970
2022-5hanshin5.pdf,2022,5,hanshin,5,https://www.jra.go.jp/datafile/seiseki/report/2022/2022-5hanshin5.pdf,data/text/2022/2022-5hanshin5.txt,1,143614
2022-5hanshin6.pdf,2022,5,hanshin,6,https://www.jra.go.jp/datafile/seiseki/report/2022/2022-5hanshin6.pdf,data/text/2022/2022-5hanshin6.txt,1,135858
2022-5hanshin7.pdf,2022,5,hanshin,7,https://www.jra.go.jp/datafile/seiseki/report/2022/2022-5hanshin7.pdf,data/text/2022/2022-5hanshin7.txt,1,146243
2022-5hanshin8.pdf,2022,5,hanshin,8,https://www.jra.go.jp/datafile/seiseki/report/2022/2022-5hanshin8.pdf,data/text/2022/2022-5hanshin8.txt,1,142251
2022-6hanshin1.pdf,2022,6,hanshin,1,https://www.jra.go.jp/datafile/seiseki/report/2022/2022-6hanshin1.pdf,data/text/2022/2022-6hanshin1.txt,1,134221
2022-6hanshin2.pdf,2022,6,hanshin,2,https://www.jra.go.jp/datafile/seiseki/report/2022/2022-6hanshin2.pdf,data/text/2022/2022-6hanshin2.txt,1,127133
2022-6hanshin3.pdf,2022,6,hanshin,3,https://www.jra.go.jp/datafile/seiseki/report/2022/2022-6hanshin3.pdf,data/text/2022/2022-6hanshin3.txt,1,135931
2022-6hanshin4.pdf,2022,6,hanshin,4,https://www.jra.go.jp/datafile/seiseki/report/2022/2022-6hanshin4.pdf,data/text/2022/2022-6hanshin4.txt,1,134957
2022-6hanshin5.pdf,2022,6,hanshin,5,https://www.jra.go.jp/datafile/seiseki/report/2022/2022-6hanshin5.pdf,data/text/2022/2022-6hanshin5.txt,1,136579
2022-6hanshin6.pdf,2022,6,hanshin,6,https://www.jra.go.jp/datafile/seiseki/report/2022/2022-6hanshin6.pdf,data/text/2022/2022-6hanshin6.txt,1,141746
2022-6hanshin7.pdf,2022,6,hanshin,7,https://www.jra.go.jp/datafile/seiseki/report/2022/2022-6hanshin7.pdf,data/text/2022/2022-6hanshin7.txt,1,146869
2022-6hanshin8.pdf,2022,6,hanshin,8,https://www.jra.go.jp/datafile/seiseki/report/2022/2022-6hanshin8.pdf,data/text/2022/2022-6hanshin8.txt,1,145868
2022-6hanshin9.pdf,2022,6,hanshin,9,https://www.jra.go.jp/datafile/seiseki/report/2022/2022-6hanshin9.pdf,data/text/2022/2022-6hanshin9.txt,1,145031
2023-1nakayama1.pdf,2023,1,nakayama,1,https://www.jra.go.jp/datafile/seiseki/report/2023/2023-1nakayama1.pdf,data/text/2023/2023-1nakayama1.txt,1,153206
2023-1nakayama2.pdf,2023,1,nakayama,2,https://www.jra.go.jp/datafile/seiseki/report/2023/2023-1nakayama2.pdf,data/text/2023/2023-1nakayama2.txt,1,147160
2023-1nakayama3.pdf,2023,1,nakayama,3,https://www.jra.go.jp/datafile/seiseki/report/2023/2023-1nakayama3.pdf,data/text/2023/2023-1nakayama3.txt,1,153210
2023-1nakayama4.pdf,2023,1,nakayama,4,https://www.jra.go.jp/datafile/seiseki/report/2023/2023-1nakayama4.pdf,data/text/2023/2023-1nakayama4.txt,1,154935
2023-1nakayama5.pdf,2023,1,nakayama,5,https://www.jra.go.jp/datafile/seiseki/report/2023/2023-1nakayama5.pdf,data/text/2023/2023-1nakayama5.txt,1,149828
2023-1nakayama6.pdf,2023,1,nakayama,6,https://www.jra.go.jp/datafile/seiseki/report/2023/2023-1nakayama6.pdf,data/text/2023/2023-1nakayama6.txt,1,146247
2023-1nakayama7.pdf,2023,1,nakayama,7,https://www.jra.go.jp/datafile/seiseki/report/2023/2023-1nakayama7.pdf,data/text/2023/2023-1nakayama7.txt,1,147950
2023-1nakayama8.pdf,2023,1,nakayama,8,https://www.jra.go.jp/datafile/seiseki/report/2023/2023-1nakayama8.pdf,data/text/2023/2023-1nakayama8.txt,1,152792
2023-2nakayama1.pdf,2023,2,nakayama,1,https://www.jra.go.jp/datafile/seiseki/report/2023/2023-2nakayama1.pdf,data/text/2023/2023-2nakayama1.txt,1,147658
2023-2nakayama2.pdf,2023,2,nakayama,2,https://www.jra.go.jp/datafile/seiseki/report/2023/2023-2nakayama2.pdf,data/text/2023/2023-2nakayama2.txt,1,154807
2023-2nakayama3.pdf,2023,2,nakayama,3,https://www.jra.go.jp/datafile/seiseki/report/2023/2023-2nakayama3.pdf,data/text/2023/2023-2nakayama3.txt,1,154594
2023-2nakayama4.pdf,2023,2,nakayama,4,https://www.jra.go.jp/datafile/seiseki/report/2023/2023-2nakayama4.pdf,data/text/2023/2023-2nakayama4.txt,1,155726
2023-2nakayama5.pdf,2023,2,nakayama,5,https://www.jra.go.jp/datafile/seiseki/report/2023/2023-2nakayama5.pdf,data/text/2023/2023-2nakayama5.txt,1,147011
2023-2nakayama6.pdf,2023,2,nakayama,6,https://www.jra.go.jp/datafile/seiseki/report/2023/2023-2nakayama6.pdf,data/text/2023/2023-2nakayama6.txt,1,147194
2023-2nakayama7.pdf,2023,2,nakayama,7,https://www.jra.go.jp/datafile/seiseki/report/2023/2023-2nakayama7.pdf,data/text/2023/2023-2nakayama7.txt,1,152281
2023-2nakayama8.pdf,2023,2,nakayama,8,https://www.jra.go.jp/datafile/seiseki/report/2023/2023-2nakayama8.pdf,data/text/2023/2023-2nakayama8.txt,1,158659
2023-3nakayama1.pdf,2023,3,nakayama,1,https://www.jra.go.jp/datafile/seiseki/report/2023/2023-3nakayama1.pdf,data/text/2023/2023-3nakayama1.txt,1,148785
2023-3nakayama2.pdf,2023,3,nakayama,2,https://www.jra.go.jp/datafile/seiseki/report/2023/2023-3nakayama2.pdf,data/text/2023/2023-3nakayama2.txt,1,144832
2023-3nakayama3.pdf,2023,3,nakayama,3,https://www.jra.go.jp/datafile/seiseki/report/2023/2023-3nakayama3.pdf,data/text/2023/2023-3nakayama3.txt,1,149953
2023-3nakayama4.pdf,2023,3,nakayama,4,https://www.jra.go.jp/datafile/seiseki/report/2023/2023-3nakayama4.pdf,data/text/2023/2023-3nakayama4.txt,1,139861
2023-3nakayama5.pdf,2023,3,nakayama,5,https://www.jra.go.jp/datafile/seiseki/report/2023/2023-3nakayama5.pdf,data/text/2023/2023-3nakayama5.txt,1,146553
2023-3nakayama6.pdf,2023,3,nakayama,6,https://www.jra.go.jp/datafile/seiseki/report/2023/2023-3nakayama6.pdf,data/text/2023/2023-3nakayama6.txt,1,143375
2023-3nakayama7.pdf,2023,3,nakayama,7,https://www.jra.go.jp/datafile/seiseki/report/2023/2023-3nakayama7.pdf,data/text/2023/2023-3nakayama7.txt,1,140122
2023-3nakayama8.pdf,2023,3,nakayama,8,https://www.jra.go.jp/datafile/seiseki/report/2023/2023-3nakayama8.pdf,data/text/2023/2023-3nakayama8.txt,1,159207
2023-4nakayama1.pdf,2023,4,nakayama,1,https://www.jra.go.jp/datafile/seiseki/report/2023/2023-4nakayama1.pdf,data/text/2023/2023-4nakayama1.txt,1,133939
2023-4nakayama2.pdf,2023,4,nakayama,2,https://www.jra.go.jp/datafile/seiseki/report/2023/2023-4nakayama2.pdf,data/text/2023/2023-4nakayama2.txt,1,139459
2023-4nakayama3.pdf,2023,4,nakayama,3,https://www.jra.go.jp/datafile/seiseki/report/2023/2023-4nakayama3.pdf,data/text/2023/2023-4nakayama3.txt,1,138078
2023-4nakayama4.pdf,2023,4,nakayama,4,https://www.jra.go.jp/datafile/seiseki/report/2023/2023-4nakayama4.pdf,data/text/2023/2023-4nakayama4.txt,1,148691
2023-4nakayama5.pdf,2023,4,nakayama,5,https://www.jra.go.jp/datafile/seiseki/report/2023/2023-4nakayama5.pdf,data/text/2023/2023-4nakayama5.txt,1,143784
2023-4nakayama6.pdf,2023,4,nakayama,6,https://www.jra.go.jp/datafile/seiseki/report/2023/2023-4nakayama6.pdf,data/text/2023/2023-4nakayama6.txt,1,142676
2023-4nakayama7.pdf,2023,4,nakayama,7,https://www.jra.go.jp/datafile/seiseki/report/2023/2023-4nakayama7.pdf,data/text/2023/2023-4nakayama7.txt,1,142690
2023-4nakayama8.pdf,2023,4,nakayama,8,https://www.jra.go.jp/datafile/seiseki/report/2023/2023-4nakayama8.pdf,data/text/2023/2023-4nakayama8.txt,1,148089
2023-4nakayama9.pdf,2023,4,nakayama,9,https://www.jra.go.jp/datafile/seiseki/report/2023/2023-4nakayama9.pdf,data/text/2023/2023-4nakayama9.txt,1,150190
2023-5nakayama1.pdf,2023,5,nakayama,1,https://www.jra.go.jp/datafile/seiseki/report/2023/2023-5nakayama1.pdf,data/text/2023/2023-5nakayama1.txt,1,152638
2023-5nakayama2.pdf,2023,5,nakayama,2,https://www.jra.go.jp/datafile/seiseki/report/2023/2023-5nakayama2.pdf,data/text/2023/2023-5nakayama2.txt,1,149877
2023-5nakayama3.pdf,2023,5,nakayama,3,https://www.jra.go.jp/datafile/seiseki/report/2023/2023-5nakayama3.pdf,data/text/2023/2023-5nakayama3.txt,1,149616
2023-5nakayama4.pdf,2023,5,nakayama,4,https://www.jra.go.jp/datafile/seiseki/report/2023/2023-5nakayama4.pdf,data/text/2023/2023-5nakayama4.txt,1,147824
2023-5nakayama5.pdf,2023,5,nakayama,5,https://www.jra.go.jp/datafile/seiseki/report/2023/2023-5nakayama5.pdf,data/text/2023/2023-5nakayama5.txt,1,156714
2023-5nakayama6.pdf,2023,5,nakayama,6,https://www.jra.go.jp/datafile/seiseki/report/2023/2023-5nakayama6.pdf,data/text/2023/2023-5nakayama6.txt,1,147305
2023-5nakayama7.pdf,2023,5,nakayama,7,https://www.jra.go.jp/datafile/seiseki/report/2023/2023-5nakayama7.pdf,data/text/2023/2023-5nakayama7.txt,1,153049
2023-5nakayama8.pdf,2023,5,nakayama,8,https://www.jra.go.jp/datafile/seiseki/report/2023/2023-5nakayama8.pdf,data/text/2023/2023-5nakayama8.txt,1,157223
2023-5nakayama9.pdf,2023,5,nakayama,9,https://www.jra.go.jp/datafile/seiseki/report/2023/2023-5nakayama9.pdf,data/text/2023/2023-5nakayama9.txt,1,162289
2023-1hanshin1.pdf,2023,1,hanshin,1,https://www.jra.go.jp/datafile/seiseki/report/2023/2023-1hanshin1.pdf,data/text/2023/2023-1hanshin1.txt,1,133860
2023-1hanshin2.pdf,2023,1,hanshin,2,https://www.jra.go.jp/datafile/seiseki/report/2023/2023-1hanshin2.pdf,data/text/2023/2023-1hanshin2.txt,1,140267
2023-1hanshin3.pdf,2023,1,hanshin,3,https://www.jra.go.jp/datafile/seiseki/report/2023/2023-1hanshin3.pdf,data/text/2023/2023-1hanshin3.txt,1,145730
2023-1hanshin4.pdf,2023,1,hanshin,4,https://www.jra.go.jp/datafile/seiseki/report/2023/2023-1hanshin4.pdf,data/text/2023/2023-1hanshin4.txt,1,139535
2023-1hanshin5.pdf,2023,1,hanshin,5,https://www.jra.go.jp/datafile/seiseki/report/2023/2023-1hanshin5.pdf,data/text/2023/2023-1hanshin5.txt,1,142098
2023-1hanshin6.pdf,2023,1,hanshin,6,https://www.jra.go.jp/datafile/seiseki/report/2023/2023-1hanshin6.pdf,data/text/2023/2023-1hanshin6.txt,1,144315
2023-1hanshin7.pdf,2023,1,hanshin,7,https://www.jra.go.jp/datafile/seiseki/report/2023/2023-1hanshin7.pdf,data/text/2023/2023-1hanshin7.txt,1,138629
2023-1hanshin8.pdf,2023,1,hanshin,8,https://www.jra.go.jp/datafile/seiseki/report/2023/2023-1hanshin8.pdf,data/text/2023/2023-1hanshin8.txt,1,136590
2023-1hanshin9.pdf,2023,1,hanshin,9,https://www.jra.go.jp/datafile/seiseki/report/2023/2023-1hanshin9.pdf,data/text/2023/2023-1hanshin9.txt,1,140348
2023-1hanshin10.pdf,2023,1,hanshin,10,https://www.jra.go.jp/datafile/seiseki/report/2023/2023-1hanshin10.pdf,data/text/2023/2023-1hanshin10.txt,1,142249
2023-1hanshin11.pdf,2023,1,hanshin,11,https://www.jra.go.jp/datafile/seiseki/report/2023/2023-1hanshin11.pdf,data/text/2023/2023-1hanshin11.txt,1,135904
2023-1hanshin12.pdf,2023,1,hanshin,12,https://www.jra.go.jp/datafile/seiseki/report/2023/2023-1hanshin12.pdf,data/text/2023/2023-1hanshin12.txt,1,137065
2023-2hanshin1.pdf,2023,2,hanshin,1,https://www.jra.go.jp/datafile/seiseki/report/2023/2023-2hanshin1.pdf,data/text/2023/2023-2hanshin1.txt,1,135808
2023-2hanshin2.pdf,2023,2,hanshin,2,https://www.jra.go.jp/datafile/seiseki/report/2023/2023-2hanshin2.pdf,data/text/2023/2023-2hanshin2.txt,1,146396
2023-2hanshin3.pdf,2023,2,hanshin,3,https://www.jra.go.jp/datafile/seiseki/report/2023/2023-2hanshin3.pdf,data/text/2023/2023-2hanshin3.txt,1,135640
2023-2hanshin4.pdf,2023,2,hanshin,4,https://www.jra.go.jp/datafile/seiseki/report/2023/2023-2hanshin4.pdf,data/text/2023/2023-2hanshin4.txt,1,142875
2023-2hanshin5.pdf,2023,2,hanshin,5,https://www.jra.go.jp/datafile/seiseki/report/2023/2023-2hanshin5.pdf,data/text/2023/2023-2hanshin5.txt,1,140076
2023-2hanshin6.pdf,2023,2,hanshin,6,https://www.jra.go.jp/datafile/seiseki/report/2023/2023-2hanshin6.pdf,data/text/2023/2023-2hanshin6.txt,1,147989
2023-2hanshin7.pdf,2023,2,hanshin,7,https://www.jra.go.jp/datafile/seiseki/report/2023/2023-2hanshin7.pdf,data/text/2023/2023-2hanshin7.txt,1,140040
2023-2hanshin8.pdf,2023,2,hanshin,8,https://www.jra.go.jp/datafile/seiseki/report/2023/2023-2hanshin8.pdf,data/text/2023/2023-2hanshin8.txt,1,146441
2023-3hanshin1.pdf,2023,3,hanshin,1,https://www.jra.go.jp/datafile/seiseki/report/2023/2023-3hanshin1.pdf,data/text/2023/2023-3hanshin1.txt,1,142213
2023-3hanshin2.pdf,2023,3,hanshin,2,https://www.jra.go.jp/datafile/seiseki/report/2023/2023-3hanshin2.pdf,data/text/2023/2023-3hanshin2.txt,1,140739
2023-3hanshin3.pdf,2023,3,hanshin,3,https://www.jra.go.jp/datafile/seiseki/report/2023/2023-3hanshin3.pdf,data/text/2023/2023-3hanshin3.txt,1,142257
2023-3hanshin4.pdf,2023,3,hanshin,4,https://www.jra.go.jp/datafile/seiseki/report/2023/2023-3hanshin4.pdf,data/text/2023/2023-3hanshin4.txt,1,144338
2023-3hanshin5.pdf,2023,3,hanshin,5,https://www.jra.go.jp/datafile/seiseki/report/2023/2023-3hanshin5.pdf,data/text/2023/2023-3hanshin5.txt,1,132723
2023-3hanshin6.pdf,2023,3,hanshin,6,https://www.jra.go.jp/datafile/seiseki/report/2023/2023-3hanshin6.pdf,data/text/2023/2023-3hanshin6.txt,1,147613
2023-3hanshin7.pdf,2023,3,hanshin,7,https://www.jra.go.jp/datafile/seiseki/report/2023/2023-3hanshin7.pdf,data/text/2023/2023-3hanshin7.txt,1,151590
2023-3hanshin8.pdf,2023,3,hanshin,8,https://www.jra.go.jp/datafile/seiseki/report/2023/2023-3hanshin8.pdf,data/text/2023/2023-3hanshin8.txt,1,147265
2023-4hanshin1.pdf,2023,4,hanshin,1,https://www.jra.go.jp/datafile/seiseki/report/2023/2023-4hanshin1.pdf,data/text/2023/2023-4hanshin1.txt,1,125114
2023-4hanshin2.pdf,2023,4,hanshin,2,https://www.jra.go.jp/datafile/seiseki/report/2023/2023-4hanshin2.pdf,data/text/2023/2023-4hanshin2.txt,1,127475
2023-4hanshin3.pdf,2023,4,hanshin,3,https://www.jra.go.jp/datafile/seiseki/report/2023/2023-4hanshin3.pdf,data/text/2023/2023-4hanshin3.txt,1,134716
2023-4hanshin4.pdf,2023,4,hanshin,4,https://www.jra.go.jp/datafile/seiseki/report/2023/2023-4hanshin4.pdf,data/text/2023/2023-4hanshin4.txt,1,135873
2023-4hanshin5.pdf,2023,4,hanshin,5,https://www.jra.go.jp/datafile/seiseki/report/2023/2023-4hanshin5.pdf,data/text/2023/2023-4hanshin5.txt,1,135119
2023-4hanshin6.pdf,2023,4,hanshin,6,https://www.jra.go.jp/datafile/seiseki/report/2023/2023-4hanshin6.pdf,data/text/2023/2023-4hanshin6.txt,1,135638
2023-4hanshin7.pdf,2023,4,hanshin,7,https://www.jra.go.jp/datafile/seiseki/report/2023/2023-4hanshin7.pdf,data/text/2023/2023-4hanshin7.txt,1,133679
2023-4hanshin8.pdf,2023,4,hanshin,8,https://www.jra.go.jp/datafile/seiseki/report/2023/2023-4hanshin8.pdf,data/text/2023/2023-4hanshin8.txt,1,135332
2023-4hanshin9.pdf,2023,4,hanshin,9,https://www.jra.go.jp/datafile/seiseki/report/2023/2023-4hanshin9.pdf,data/text/2023/2023-4hanshin9.txt,1,139147
2023-5hanshin1.pdf,2023,5,hanshin,1,https://www.jra.go.jp/datafile/seiseki/report/2023/2023-5hanshin1.pdf,data/text/2023/2023-5hanshin1.txt,1,129994
2023-5hanshin2.pdf,2023,5,hanshin,2,https://www.jra.go.jp/datafile/seiseki/report/2023/2023-5hanshin2.pdf,data/text/2023/2023-5hanshin2.txt,1,136113
2023-5hanshin3.pdf,2023,5,hanshin,3,https://www.jra.go.jp/datafile/seiseki/report/2023/2023-5hanshin3.pdf,data/text/2023/2023-5hanshin3.txt,1,129294
2023-5hanshin4.pdf,2023,5,hanshin,4,https://www.jra.go.jp/datafile/seiseki/report/2023/2023-5hanshin4.pdf,data/text/2023/2023-5hanshin4.txt,1,137017
2023-5hanshin5.pdf,2023,5,hanshin,5,https://www.jra.go.jp/datafile/seiseki/report/2023/2023-5hanshin5.pdf,data/text/2023/2023-5hanshin5.txt,1,138410
2023-5hanshin6.pdf,2023,5,hanshin,6,https://www.jra.go.jp/datafile/seiseki/report/2023/2023-5hanshin6.pdf,data/text/2023/2023-5hanshin6.txt,1,141265
2023-5hanshin7.pdf,2023,5,hanshin,7,https://www.jra.go.jp/datafile/seiseki/report/2023/2023-5hanshin7.pdf,data/text/2023/2023-5hanshin7.txt,1,144679
2023-5hanshin8.pdf,2023,5,hanshin,8,https://www.jra.go.jp/datafile/seiseki/report/2023/2023-5hanshin8.pdf,data/text/2023/2023-5hanshin8.txt,1,147775
2023-5hanshin9.pdf,2023,5,hanshin,9,https://www.jra.go.jp/datafile/seiseki/report/2023/2023-5hanshin9.pdf,data/text/2023/2023-5hanshin9.txt,1,147651
2024-1nakayama1.pdf,2024,1,nakayama,1,https://www.jra.go.jp/datafile/seiseki/report/2024/2024-1nakayama1.pdf,data/text/2024/2024-1nakayama1.txt,1,158930
2024-1nakayama2.pdf,2024,1,nakayama,2,https://www.jra.go.jp/datafile/seiseki/report/2024/2024-1nakayama2.pdf,data/text/2024/2024-1nakayama2.txt,1,157937
2024-1nakayama3.pdf,2024,1,nakayama,3,https://www.jra.go.jp/datafile/seiseki/report/2024/2024-1nakayama3.pdf,data/text/2024/2024-1nakayama3.txt,1,156210
2024-1nakayama4.pdf,2024,1,nakayama,4,https://www.jra.go.jp/datafile/seiseki/report/2024/2024-1nakayama4.pdf,data/text/2024/2024-1nakayama4.txt,1,154050
2024-1nakayama5.pdf,2024,1,nakayama,5,https://www.jra.go.jp/datafile/seiseki/report/2024/2024-1nakayama5.pdf,data/text/2024/2024-1nakayama5.txt,1,157633
2024-1nakayama6.pdf,2024,1,nakayama,6,https://www.jra.go.jp/datafile/seiseki/report/2024/2024-1nakayama6.pdf,data/text/2024/2024-1nakayama6.txt,1,151605
2024-1nakayama7.pdf,2024,1,nakayama,7,https://www.jra.go.jp/datafile/seiseki/report/2024/2024-1nakayama7.pdf,data/text/2024/2024-1nakayama7.txt,1,158544
2024-2nakayama1.pdf,2024,2,nakayama,1,https://www.jra.go.jp/datafile/seiseki/report/2024/2024-2nakayama1.pdf,data/text/2024/2024-2nakayama1.txt,1,144583
2024-2nakayama2.pdf,2024,2,nakayama,2,https://www.jra.go.jp/datafile/seiseki/report/2024/2024-2nakayama2.pdf,data/text/2024/2024-2nakayama2.txt,1,151770
2024-2nakayama3.pdf,2024,2,nakayama,3,https://www.jra.go.jp/datafile/seiseki/report/2024/2024-2nakayama3.pdf,data/text/2024/2024-2nakayama3.txt,1,150732
2024-2nakayama4.pdf,2024,2,nakayama,4,https://www.jra.go.jp/datafile/seiseki/report/2024/2024-2nakayama4.pdf,data/text/2024/2024-2nakayama4.txt,1,152281
2024-2nakayama5.pdf,2024,2,nakayama,5,https://www.jra.go.jp/datafile/seiseki/report/2024/2024-2nakayama5.pdf,data/text/2024/2024-2nakayama5.txt,1,147606
2024-2nakayama6.pdf,2024,2,nakayama,6,https://www.jra.go.jp/datafile/seiseki/report/2024/2024-2nakayama6.pdf,data/text/2024/2024-2nakayama6.txt,1,150358
2024-2nakayama7.pdf,2024,2,nakayama,7,https://www.jra.go.jp/datafile/seiseki/report/2024/2024-2nakayama7.pdf,data/text/2024/2024-2nakayama7.txt,1,146911
2024-2nakayama8.pdf,2024,2,nakayama,8,https://www.jra.go.jp/datafile/seiseki/report/2024/2024-2nakayama8.pdf,data/text/2024/2024-2nakayama8.txt,1,152010
2024-3nakayama1.pdf,2024,3,nakayama,1,https://www.jra.go.jp/datafile/seiseki/report/2024/2024-3nakayama1.pdf,data/text/2024/2024-3nakayama1.txt,1,144746
2024-3nakayama2.pdf,2024,3,nakayama,2,https://www.jra.go.jp/datafile/seiseki/report/2024/2024-3nakayama2.pdf,data/text/2024/2024-3nakayama2.txt,1,142698
2024-3nakayama3.pdf,2024,3,nakayama,3,https://www.jra.go.jp/datafile/seiseki/report/2024/2024-3nakayama3.pdf,data/text/2024/2024-3nakayama3.txt,1,151507
2024-3nakayama4.pdf,2024,3,nakayama,4,https://www.jra.go.jp/datafile/seiseki/report/2024/2024-3nakayama4.pdf,data/text/2024/2024-3nakayama4.txt,1,145689
2024-3nakayama5.pdf,2024,3,nakayama,5,https://www.jra.go.jp/datafile/seiseki/report/2024/2024-3nakayama5.pdf,data/text/2024/2024-3nakayama5.txt,1,150510
2024-3nakayama6.pdf,2024,3,nakayama,6,https://www.jra.go.jp/datafile/seiseki/report/2024/2024-3nakayama6.pdf,data/text/2024/2024-3nakayama6.txt,1,146583
2024-3nakayama7.pdf,2024,3,nakayama,7,https://www.jra.go.jp/datafile/seiseki/report/2024/2024-3nakayama7.pdf,data/text/2024/2024-3nakayama7.txt,1,133627
2024-3nakayama8.pdf,2024,3,nakayama,8,https://www.jra.go.jp/datafile/seiseki/report/2024/2024-3nakayama8.pdf,data/text/2024/2024-3nakayama8.txt,1,160051
2024-4nakayama1.pdf,2024,4,nakayama,1,https://www.jra.go.jp/datafile/seiseki/report/2024/2024-4nakayama1.pdf,data/text/2024/2024-4nakayama1.txt,1,130768
2024-4nakayama2.pdf,2024,4,nakayama,2,https://www.jra.go.jp/datafile/seiseki/report/2024/2024-4nakayama2.pdf,data/text/2024/2024-4nakayama2.txt,1,142325
2024-4nakayama3.pdf,2024,4,nakayama,3,https://www.jra.go.jp/datafile/seiseki/report/2024/2024-4nakayama3.pdf,data/text/2024/2024-4nakayama3.txt,1,144311
2024-4nakayama4.pdf,2024,4,nakayama,4,https://www.jra.go.jp/datafile/seiseki/report/2024/2024-4nakayama4.pdf,data/text/2024/2024-4nakayama4.txt,1,146684
2024-4nakayama5.pdf,2024,4,nakayama,5,https://www.jra.go.jp/datafile/seiseki/report/2024/2024-4nakayama5.pdf,data/text/2024/2024-4nakayama5.txt,1,136708
2024-4nakayama6.pdf,2024,4,nakayama,6,https://www.jra.go.jp/datafile/seiseki/report/2024/2024-4nakayama6.pdf,data/text/2024/2024-4nakayama6.txt,1,141362
2024-4nakayama7.pdf,2024,4,nakayama,7,https://www.jra.go.jp/datafile/seiseki/report/2024/2024-4nakayama7.pdf,data/text/2024/2024-4nakayama7.txt,1,144512
2024-4nakayama8.pdf,2024,4,nakayama,8,https://www.jra.go.jp/datafile/seiseki/report/2024/2024-4nakayama8.pdf,data/text/2024/2024-4nakayama8.txt,1,148410
2024-4nakayama9.pdf,2024,4,nakayama,9,https://www.jra.go.jp/datafile/seiseki/report/2024/2024-4nakayama9.pdf,data/text/2024/2024-4nakayama9.txt,1,154617
2024-5nakayama1.pdf,2024,5,nakayama,1,https://www.jra.go.jp/datafile/seiseki/report/2024/2024-5nakayama1.pdf,data/text/2024/2024-5nakayama1.txt,1,151735
2024-5nakayama2.pdf,2024,5,nakayama,2,https://www.jra.go.jp/datafile/seiseki/report/2024/2024-5nakayama2.pdf,data/text/2024/2024-5nakayama2.txt,1,149595
2024-5nakayama3.pdf,2024,5,nakayama,3,https://www.jra.go.jp/datafile/seiseki/report/2024/2024-5nakayama3.pdf,data/text/2024/2024-5nakayama3.txt,1,148577
2024-5nakayama4.pdf,2024,5,nakayama,4,https://www.jra.go.jp/datafile/seiseki/report/2024/2024-5nakayama4.pdf,data/text/2024/2024-5nakayama4.txt,1,148061
2024-5nakayama5.pdf,2024,5,nakayama,5,https://www.jra.go.jp/datafile/seiseki/report/2024/2024-5nakayama5.pdf,data/text/2024/2024-5nakayama5.txt,1,155952
2024-5nakayama6.pdf,2024,5,nakayama,6,https://www.jra.go.jp/datafile/seiseki/report/2024/2024-5nakayama6.pdf,data/text/2024/2024-5nakayama6.txt,1,155785
2024-5nakayama7.pdf,2024,5,nakayama,7,https://www.jra.go.jp/datafile/seiseki/report/2024/2024-5nakayama7.pdf,data/text/2024/2024-5nakayama7.txt,1,156848
2024-5nakayama8.pdf,2024,5,nakayama,8,https://www.jra.go.jp/datafile/seiseki/report/2024/2024-5nakayama8.pdf,data/text/2024/2024-5nakayama8.txt,1,161983
2024-5nakayama9.pdf,2024,5,nakayama,9,https://www.jra.go.jp/datafile/seiseki/report/2024/2024-5nakayama9.pdf,data/text/2024/2024-5nakayama9.txt,1,164436
2024-1hanshin1.pdf,2024,1,hanshin,1,https://www.jra.go.jp/datafile/seiseki/report/2024/2024-1hanshin1.pdf,data/text/2024/2024-1hanshin1.txt,1,143564
2024-1hanshin2.pdf,2024,1,hanshin,2,https://www.jra.go.jp/datafile/seiseki/report/2024/2024-1hanshin2.pdf,data/text/2024/2024-1hanshin2.txt,1,139088
2024-1hanshin3.pdf,2024,1,hanshin,3,https://www.jra.go.jp/datafile/seiseki/report/2024/2024-1hanshin3.pdf,data/text/2024/2024-1hanshin3.txt,1,135776
2024-1hanshin4.pdf,2024,1,hanshin,4,https://www.jra.go.jp/datafile/seiseki/report/2024/2024-1hanshin4.pdf,data/text/2024/2024-1hanshin4.txt,1,134896
2024-1hanshin5.pdf,2024,1,hanshin,5,https://www.jra.go.jp/datafile/seiseki/report/2024/2024-1hanshin5.pdf,data/text/2024/2024-1hanshin5.txt,1,134974
2024-1hanshin6.pdf,2024,1,hanshin,6,https://www.jra.go.jp/datafile/seiseki/report/2024/2024-1hanshin6.pdf,data/text/2024/2024-1hanshin6.txt,1,138931
2024-1hanshin7.pdf,2024,1,hanshin,7,https://www.jra.go.jp/datafile/seiseki/report/2024/2024-1hanshin7.pdf,data/text/2024/2024-1hanshin7.txt,1,138388
2024-1hanshin8.pdf,2024,1,hanshin,8,https://www.jra.go.jp/datafile/seiseki/report/2024/2024-1hanshin8.pdf,data/text/2024/2024-1hanshin8.txt,1,136646
2024-2hanshin1.pdf,2024,2,hanshin,1,https://www.jra.go.jp/datafile/seiseki/report/2024/2024-2hanshin1.pdf,data/text/2024/2024-2hanshin1.txt,1,131423
2024-2hanshin2.pdf,2024,2,hanshin,2,https://www.jra.go.jp/datafile/seiseki/report/2024/2024-2hanshin2.pdf,data/text/2024/2024-2hanshin2.txt,1,142910
2024-2hanshin3.pdf,2024,2,hanshin,3,https://www.jra.go.jp/datafile/seiseki/report/2024/2024-2hanshin3.pdf,data/text/2024/2024-2hanshin3.txt,1,141692
2024-2hanshin4.pdf,2024,2,hanshin,4,https://www.jra.go.jp/datafile/seiseki/report/2024/2024-2hanshin4.pdf,data/text/2024/2024-2hanshin4.txt,1,143728
2024-2hanshin5.pdf,2024,2,hanshin,5,https://www.jra.go.jp/datafile/seiseki/report/2024/2024-2hanshin5.pdf,data/text/2024/2024-2hanshin5.txt,1,141977
2024-2hanshin6.pdf,2024,2,hanshin,6,https://www.jra.go.jp/datafile/seiseki/report/2024/2024-2hanshin6.pdf,data/text/2024/2024-2hanshin6.txt,1,147332
2024-2hanshin7.pdf,2024,2,hanshin,7,https://www.jra.go.jp/datafile/seiseki/report/2024/2024-2hanshin7.pdf,data/text/2024/2024-2hanshin7.txt,1,145544
2024-2hanshin8.pdf,2024,2,hanshin,8,https://www.jra.go.jp/datafile/seiseki/report/2024/2024-2hanshin8.pdf,data/text/2024/2024-2hanshin8.txt,1,147063
2025-1nakayama1.pdf,2025,1,nakayama,1,https://www.jra.go.jp/datafile/seiseki/report/2025/2025-1nakayama1.pdf,data/text/2025/2025-1nakayama1.txt,1,160883
2025-1nakayama2.pdf,2025,1,nakayama,2,https://www.jra.go.jp/datafile/seiseki/report/2025/2025-1nakayama2.pdf,data/text/2025/2025-1nakayama2.txt,1,158039
2025-1nakayama3.pdf,2025,1,nakayama,3,https://www.jra.go.jp/datafile/seiseki/report/2025/2025-1nakayama3.pdf,data/text/2025/2025-1nakayama3.txt,1,153673
2025-1nakayama4.pdf,2025,1,nakayama,4,https://www.jra.go.jp/datafile/seiseki/report/2025/2025-1nakayama4.pdf,data/text/2025/2025-1nakayama4.txt,1,163605
2025-1nakayama5.pdf,2025,1,nakayama,5,https://www.jra.go.jp/datafile/seiseki/report/2025/2025-1nakayama5.pdf,data/text/2025/2025-1nakayama5.txt,1,153545
2025-1nakayama6.pdf,2025,1,nakayama,6,https://www.jra.go.jp/datafile/seiseki/report/2025/2025-1nakayama6.pdf,data/text/2025/2025-1nakayama6.txt,1,153469
2025-1nakayama7.pdf,2025,1,nakayama,7,https://www.jra.go.jp/datafile/seiseki/report/2025/2025-1nakayama7.pdf,data/text/2025/2025-1nakayama7.txt,1,150378
2025-1nakayama8.pdf,2025,1,nakayama,8,https://www.jra.go.jp/datafile/seiseki/report/2025/2025-1nakayama8.pdf,data/text/2025/2025-1nakayama8.txt,1,149096
2025-1nakayama9.pdf,2025,1,nakayama,9,https://www.jra.go.jp/datafile/seiseki/report/2025/2025-1nakayama9.pdf,data/text/2025/2025-1nakayama9.txt,1,157217
2025-2nakayama1.pdf,2025,2,nakayama,1,https://www.jra.go.jp/datafile/seiseki/report/2025/2025-2nakayama1.pdf,data/text/2025/2025-2nakayama1.txt,1,150594
2025-2nakayama2.pdf,2025,2,nakayama,2,https://www.jra.go.jp/datafile/seiseki/report/2025/2025-2nakayama2.pdf,data/text/2025/2025-2nakayama2.txt,1,153221
2025-2nakayama3.pdf,2025,2,nakayama,3,https://www.jra.go.jp/datafile/seiseki/report/2025/2025-2nakayama3.pdf,data/text/2025/2025-2nakayama3.txt,1,146515
2025-2nakayama4.pdf,2025,2,nakayama,4,https://www.jra.go.jp/datafile/seiseki/report/2025/2025-2nakayama4.pdf,data/text/2025/2025-2nakayama4.txt,1,157004
2025-2nakayama5.pdf,2025,2,nakayama,5,https://www.jra.go.jp/datafile/seiseki/report/2025/2025-2nakayama5.pdf,data/text/2025/2025-2nakayama5.txt,1,152835
2025-2nakayama6.pdf,2025,2,nakayama,6,https://www.jra.go.jp/datafile/seiseki/report/2025/2025-2nakayama6.pdf,data/text/2025/2025-2nakayama6.txt,1,152502
2025-2nakayama7.pdf,2025,2,nakayama,7,https://www.jra.go.jp/datafile/seiseki/report/2025/2025-2nakayama7.pdf,data/text/2025/2025-2nakayama7.txt,1,150544
2025-2nakayama8.pdf,2025,2,nakayama,8,https://www.jra.go.jp/datafile/seiseki/report/2025/2025-2nakayama8.pdf,data/text/2025/2025-2nakayama8.txt,1,154658
2025-3nakayama1.pdf,2025,3,nakayama,1,https://www.jra.go.jp/datafile/seiseki/report/2025/2025-3nakayama1.pdf,data/text/2025/2025-3nakayama1.txt,1,144436
2025-3nakayama2.pdf,2025,3,nakayama,2,https://www.jra.go.jp/datafile/seiseki/report/2025/2025-3nakayama2.pdf,data/text/2025/2025-3nakayama2.txt,1,149726
2025-3nakayama3.pdf,2025,3,nakayama,3,https://www.jra.go.jp/datafile/seiseki/report/2025/2025-3nakayama3.pdf,data/text/2025/2025-3nakayama3.txt,1,147178
2025-3nakayama4.pdf,2025,3,nakayama,4,https://www.jra.go.jp/datafile/seiseki/report/2025/2025-3nakayama4.pdf,data/text/2025/2025-3nakayama4.txt,1,144428
2025-3nakayama5.pdf,2025,3,nakayama,5,https://www.jra.go.jp/datafile/seiseki/report/2025/2025-3nakayama5.pdf,data/text/2025/2025-3nakayama5.txt,1,144759
2025-3nakayama6.pdf,2025,3,nakayama,6,https://www.jra.go.jp/datafile/seiseki/report/2025/2025-3nakayama6.pdf,data/text/2025/2025-3nakayama6.txt,1,145883
2025-3nakayama7.pdf,2025,3,nakayama,7,https://www.jra.go.jp/datafile/seiseki/report/2025/2025-3nakayama7.pdf,data/text/2025/2025-3nakayama7.txt,1,142719
2025-3nakayama8.pdf,2025,3,nakayama,8,https://www.jra.go.jp/datafile/seiseki/report/2025/2025-3nakayama8.pdf,data/text/2025/2025-3nakayama8.txt,1,155590
2025-4nakayama1.pdf,2025,4,nakayama,1,https://www.jra.go.jp/datafile/seiseki/report/2025/2025-4nakayama1.pdf,data/text/2025/2025-4nakayama1.txt,1,139399
2025-4nakayama2.pdf,2025,4,nakayama,2,https://www.jra.go.jp/datafile/seiseki/report/2025/2025-4nakayama2.pdf,data/text/2025/2025-4nakayama2.txt,1,147378
2025-4nakayama3.pdf,2025,4,nakayama,3,https://www.jra.go.jp/datafile/seiseki/report/2025/2025-4nakayama3.pdf,data/text/2025/2025-4nakayama3.txt,1,138959
2025-4nakayama4.pdf,2025,4,nakayama,4,https://www.jra.go.jp/datafile/seiseki/report/2025/2025-4nakayama4.pdf,data/text/2025/2025-4nakayama4.txt,1,144469
2025-4nakayama5.pdf,2025,4,nakayama,5,https://www.jra.go.jp/datafile/seiseki/report/2025/2025-4nakayama5.pdf,data/text/2025/2025-4nakayama5.txt,1,146846
2025-4nakayama6.pdf,2025,4,nakayama,6,https://www.jra.go.jp/datafile/seiseki/report/2025/2025-4nakayama6.pdf,data/text/2025/2025-4nakayama6.txt,1,144392
2025-4nakayama7.pdf,2025,4,nakayama,7,https://www.jra.go.jp/datafile/seiseki/report/2025/2025-4nakayama7.pdf,data/text/2025/2025-4nakayama7.txt,1,149157
2025-4nakayama8.pdf,2025,4,nakayama,8,https://www.jra.go.jp/datafile/seiseki/report/2025/2025-4nakayama8.pdf,data/text/2025/2025-4nakayama8.txt,1,147760
2025-4nakayama9.pdf,2025,4,nakayama,9,https://www.jra.go.jp/datafile/seiseki/report/2025/2025-4nakayama9.pdf,data/text/2025/2025-4nakayama9.txt,1,156115
2025-5nakayama1.pdf,2025,5,nakayama,1,https://www.jra.go.jp/datafile/seiseki/report/2025/2025-5nakayama1.pdf,data/text/2025/2025-5nakayama1.txt,1,150769
2025-5nakayama2.pdf,2025,5,nakayama,2,https://www.jra.go.jp/datafile/seiseki/report/2025/2025-5nakayama2.pdf,data/text/2025/2025-5nakayama2.txt,1,141606
2025-5nakayama3.pdf,2025,5,nakayama,3,https://www.jra.go.jp/datafile/seiseki/report/2025/2025-5nakayama3.pdf,data/text/2025/2025-5nakayama3.txt,1,150212
2025-5nakayama4.pdf,2025,5,nakayama,4,https://www.jra.go.jp/datafile/seiseki/report/2025/2025-5nakayama4.pdf,data/text/2025/2025-5nakayama4.txt,1,154064
2025-5nakayama5.pdf,2025,5,nakayama,5,https://www.jra.go.jp/datafile/seiseki/report/2025/2025-5nakayama5.pdf,data/text/2025/2025-5nakayama5.txt,1,155239
2025-5nakayama6.pdf,2025,5,nakayama,6,https://www.jra.go.jp/datafile/seiseki/report/2025/2025-5nakayama6.pdf,data/text/2025/2025-5nakayama6.txt,1,153742
2025-5nakayama7.pdf,2025,5,nakayama,7,https://www.jra.go.jp/datafile/seiseki/report/2025/2025-5nakayama7.pdf,data/text/2025/2025-5nakayama7.txt,1,156355
2025-5nakayama8.pdf,2025,5,nakayama,8,https://www.jra.go.jp/datafile/seiseki/report/2025/2025-5nakayama8.pdf,data/text/2025/2025-5nakayama8.txt,1,160351
2025-1hanshin1.pdf,2025,1,hanshin,1,https://www.jra.go.jp/datafile/seiseki/report/2025/2025-1hanshin1.pdf,data/text/2025/2025-1hanshin1.txt,1,147118
2025-1hanshin2.pdf,2025,1,hanshin,2,https://www.jra.go.jp/datafile/seiseki/report/2025/2025-1hanshin2.pdf,data/text/2025/2025-1hanshin2.txt,1,143624
2025-1hanshin3.pdf,2025,1,hanshin,3,https://www.jra.go.jp/datafile/seiseki/report/2025/2025-1hanshin3.pdf,data/text/2025/2025-1hanshin3.txt,1,142026
2025-1hanshin4.pdf,2025,1,hanshin,4,https://www.jra.go.jp/datafile/seiseki/report/2025/2025-1hanshin4.pdf,data/text/2025/2025-1hanshin4.txt,1,140545
2025-1hanshin5.pdf,2025,1,hanshin,5,https://www.jra.go.jp/datafile/seiseki/report/2025/2025-1hanshin5.pdf,data/text/2025/2025-1hanshin5.txt,1,141711
2025-1hanshin6.pdf,2025,1,hanshin,6,https://www.jra.go.jp/datafile/seiseki/report/2025/2025-1hanshin6.pdf,data/text/2025/2025-1hanshin6.txt,1,138325
2025-1hanshin7.pdf,2025,1,hanshin,7,https://www.jra.go.jp/datafile/seiseki/report/2025/2025-1hanshin7.pdf,data/text/2025/2025-1hanshin7.txt,1,140842
2025-1hanshin8.pdf,2025,1,hanshin,8,https://www.jra.go.jp/datafile/seiseki/report/2025/2025-1hanshin8.pdf,data/text/2025/2025-1hanshin8.txt,1,145366
2025-2hanshin1.pdf,2025,2,hanshin,1,https://www.jra.go.jp/datafile/seiseki/report/2025/2025-2hanshin1.pdf,data/text/2025/2025-2hanshin1.txt,1,134400
2025-2hanshin2.pdf,2025,2,hanshin,2,https://www.jra.go.jp/datafile/seiseki/report/2025/2025-2hanshin2.pdf,data/text/2025/2025-2hanshin2.txt,1,141281
2025-2hanshin3.pdf,2025,2,hanshin,3,https://www.jra.go.jp/datafile/seiseki/report/2025/2025-2hanshin3.pdf,data/text/2025/2025-2hanshin3.txt,1,143164
2025-2hanshin4.pdf,2025,2,hanshin,4,https://www.jra.go.jp/datafile/seiseki/report/2025/2025-2hanshin4.pdf,data/text/2025/2025-2hanshin4.txt,1,146920
2025-2hanshin5.pdf,2025,2,hanshin,5,https://www.jra.go.jp/datafile/seiseki/report/2025/2025-2hanshin5.pdf,data/text/2025/2025-2hanshin5.txt,1,143982
2025-2hanshin6.pdf,2025,2,hanshin,6,https://www.jra.go.jp/datafile/seiseki/report/2025/2025-2hanshin6.pdf,data/text/2025/2025-2hanshin6.txt,1,145936
2025-2hanshin7.pdf,2025,2,hanshin,7,https://www.jra.go.jp/datafile/seiseki/report/2025/2025-2hanshin7.pdf,data/text/2025/2025-2hanshin7.txt,1,143249
2025-2hanshin8.pdf,2025,2,hanshin,8,https://www.jra.go.jp/datafile/seiseki/report/2025/2025-2hanshin8.pdf,data/text/2025/2025-2hanshin8.txt,1,149444
2025-3hanshin1.pdf,2025,3,hanshin,1,https://www.jra.go.jp/datafile/seiseki/report/2025/2025-3hanshin1.pdf,data/text/2025/2025-3hanshin1.txt,1,137353
2025-3hanshin2.pdf,2025,3,hanshin,2,https://www.jra.go.jp/datafile/seiseki/report/2025/2025-3hanshin2.pdf,data/text/2025/2025-3hanshin2.txt,1,145173
2025-3hanshin3.pdf,2025,3,hanshin,3,https://www.jra.go.jp/datafile/seiseki/report/2025/2025-3hanshin3.pdf,data/text/2025/2025-3hanshin3.txt,1,145277
2025-3hanshin4.pdf,2025,3,hanshin,4,https://www.jra.go.jp/datafile/seiseki/report/2025/2025-3hanshin4.pdf,data/text/2025/2025-3hanshin4.txt,1,153931
2025-3hanshin5.pdf,2025,3,hanshin,5,https://www.jra.go.jp/datafile/seiseki/report/2025/2025-3hanshin5.pdf,data/text/2025/2025-3hanshin5.txt,1,144661
2025-3hanshin6.pdf,2025,3,hanshin,6,https://www.jra.go.jp/datafile/seiseki/report/2025/2025-3hanshin6.pdf,data/text/2025/2025-3hanshin6.txt,1,148064
2025-4hanshin1.pdf,2025,4,hanshin,1,https://www.jra.go.jp/datafile/seiseki/report/2025/2025-4hanshin1.pdf,data/text/2025/2025-4hanshin1.txt,1,131377
2025-4hanshin2.pdf,2025,4,hanshin,2,https://www.jra.go.jp/datafile/seiseki/report/2025/2025-4hanshin2.pdf,data/text/2025/2025-4hanshin2.txt,1,125539
2025-4hanshin3.pdf,2025,4,hanshin,3,https://www.jra.go.jp/datafile/seiseki/report/2025/2025-4hanshin3.pdf,data/text/2025/2025-4hanshin3.txt,1,132096
2025-4hanshin4.pdf,2025,4,hanshin,4,https://www.jra.go.jp/datafile/seiseki/report/2025/2025-4hanshin4.pdf,data/text/2025/2025-4hanshin4.txt,1,143931
2025-4hanshin5.pdf,2025,4,hanshin,5,https://www.jra.go.jp/datafile/seiseki/report/2025/2025-4hanshin5.pdf,data/text/2025/2025-4hanshin5.txt,1,129773
2025-4hanshin6.pdf,2025,4,hanshin,6,https://www.jra.go.jp/datafile/seiseki/report/2025/2025-4hanshin6.pdf,data/text/2025/2025-4hanshin6.txt,1,130233
2025-4hanshin7.pdf,2025,4,hanshin,7,https://www.jra.go.jp/datafile/seiseki/report/2025/2025-4hanshin7.pdf,data/text/2025/2025-4hanshin7.txt,1,129500
2025-4hanshin8.pdf,2025,4,hanshin,8,https://www.jra.go.jp/datafile/seiseki/report/2025/2025-4hanshin8.pdf,data/text/2025/2025-4hanshin8.txt,1,141239
2025-4hanshin9.pdf,2025,4,hanshin,9,https://www.jra.go.jp/datafile/seiseki/report/2025/2025-4hanshin9.pdf,data/text/2025/2025-4hanshin9.txt,1,146417
2025-5hanshin1.pdf,2025,5,hanshin,1,https://www.jra.go.jp/datafile/seiseki/report/2025/2025-5hanshin1.pdf,data/text/2025/2025-5hanshin1.txt,1,136947
2025-5hanshin2.pdf,2025,5,hanshin,2,https://www.jra.go.jp/datafile/seiseki/report/2025/2025-5hanshin2.pdf,data/text/2025/2025-5hanshin2.txt,1,139614
2025-5hanshin3.pdf,2025,5,hanshin,3,https://www.jra.go.jp/datafile/seiseki/report/2025/2025-5hanshin3.pdf,data/text/2025/2025-5hanshin3.txt,1,130961
2025-5hanshin4.pdf,2025,5,hanshin,4,https://www.jra.go.jp/datafile/seiseki/report/2025/2025-5hanshin4.pdf,data/text/2025/2025-5hanshin4.txt,1,135872
2025-5hanshin5.pdf,2025,5,hanshin,5,https://www.jra.go.jp/datafile/seiseki/report/2025/2025-5hanshin5.pdf,data/text/2025/2025-5hanshin5.txt,1,149375
2025-5hanshin6.pdf,2025,5,hanshin,6,https://www.jra.go.jp/datafile/seiseki/report/2025/2025-5hanshin6.pdf,data/text/2025/2025-5hanshin6.txt,1,148705
2025-5hanshin7.pdf,2025,5,hanshin,7,https://www.jra.go.jp/datafile/seiseki/report/2025/2025-5hanshin7.pdf,data/text/2025/2025-5hanshin7.txt,1,144210
2025-5hanshin8.pdf,2025,5,hanshin,8,https://www.jra.go.jp/datafile/seiseki/report/2025/2025-5hanshin8.pdf,data/text/2025/2025-5hanshin8.txt,1,147998
2026-1nakayama1.pdf,2026,1,nakayama,1,https://www.jra.go.jp/datafile/seiseki/report/2026/2026-1nakayama1.pdf,data/text/2026/2026-1nakayama1.txt,1,147839
2026-1nakayama2.pdf,2026,1,nakayama,2,https://www.jra.go.jp/datafile/seiseki/report/2026/2026-1nakayama2.pdf,data/text/2026/2026-1nakayama2.txt,1,145097
2026-1nakayama3.pdf,2026,1,nakayama,3,https://www.jra.go.jp/datafile/seiseki/report/2026/2026-1nakayama3.pdf,data/text/2026/2026-1nakayama3.txt,1,150502
2026-1nakayama4.pdf,2026,1,nakayama,4,https://www.jra.go.jp/datafile/seiseki/report/2026/2026-1nakayama4.pdf,data/text/2026/2026-1nakayama4.txt,1,159978
2026-1nakayama5.pdf,2026,1,nakayama,5,https://www.jra.go.jp/datafile/seiseki/report/2026/2026-1nakayama5.pdf,data/text/2026/2026-1nakayama5.txt,1,155072
2026-1nakayama6.pdf,2026,1,nakayama,6,https://www.jra.go.jp/datafile/seiseki/report/2026/2026-1nakayama6.pdf,data/text/2026/2026-1nakayama6.txt,1,147438
2026-1nakayama7.pdf,2026,1,nakayama,7,https://www.jra.go.jp/datafile/seiseki/report/2026/2026-1nakayama7.pdf,data/text/2026/2026-1nakayama7.txt,1,155258
2026-1nakayama8.pdf,2026,1,nakayama,8,https://www.jra.go.jp/datafile/seiseki/report/2026/2026-1nakayama8.pdf,data/text/2026/2026-1nakayama8.txt,1,150992
2026-1nakayama9.pdf,2026,1,nakayama,9,https://www.jra.go.jp/datafile/seiseki/report/2026/2026-1nakayama9.pdf,data/text/2026/2026-1nakayama9.txt,1,156374
2026-2nakayama1.pdf,2026,2,nakayama,1,https://www.jra.go.jp/datafile/seiseki/report/2026/2026-2nakayama1.pdf,data/text/2026/2026-2nakayama1.txt,1,149112
2026-2nakayama2.pdf,2026,2,nakayama,2,https://www.jra.go.jp/datafile/seiseki/report/2026/2026-2nakayama2.pdf,data/text/2026/2026-2nakayama2.txt,1,146432
2026-2nakayama3.pdf,2026,2,nakayama,3,https://www.jra.go.jp/datafile/seiseki/report/2026/2026-2nakayama3.pdf,data/text/2026/2026-2nakayama3.txt,1,154545
2026-2nakayama4.pdf,2026,2,nakayama,4,https://www.jra.go.jp/datafile/seiseki/report/2026/2026-2nakayama4.pdf,data/text/2026/2026-2nakayama4.txt,1,151844
2026-2nakayama5.pdf,2026,2,nakayama,5,https://www.jra.go.jp/datafile/seiseki/report/2026/2026-2nakayama5.pdf,data/text/2026/2026-2nakayama5.txt,1,153094
2026-2nakayama6.pdf,2026,2,nakayama,6,https://www.jra.go.jp/datafile/seiseki/report/2026/2026-2nakayama6.pdf,data/text/2026/2026-2nakayama6.txt,1,153928
2026-2nakayama7.pdf,2026,2,nakayama,7,https://www.jra.go.jp/datafile/seiseki/report/2026/2026-2nakayama7.pdf,data/text/2026/2026-2nakayama7.txt,1,146464
2026-2nakayama8.pdf,2026,2,nakayama,8,https://www.jra.go.jp/datafile/seiseki/report/2026/2026-2nakayama8.pdf,data/text/2026/2026-2nakayama8.txt,1,149269
2026-3nakayama1.pdf,2026,3,nakayama,1,https://www.jra.go.jp/datafile/seiseki/report/2026/2026-3nakayama1.pdf,data/text/2026/2026-3nakayama1.txt,1,151269
2026-3nakayama2.pdf,2026,3,nakayama,2,https://www.jra.go.jp/datafile/seiseki/report/2026/2026-3nakayama2.pdf,data/text/2026/2026-3nakayama2.txt,1,144944
2026-3nakayama3.pdf,2026,3,nakayama,3,https://www.jra.go.jp/datafile/seiseki/report/2026/2026-3nakayama3.pdf,data/text/2026/2026-3nakayama3.txt,1,149150
2026-3nakayama4.pdf,2026,3,nakayama,4,https://www.jra.go.jp/datafile/seiseki/report/2026/2026-3nakayama4.pdf,data/text/2026/2026-3nakayama4.txt,1,151085
2026-3nakayama5.pdf,2026,3,nakayama,5,https://www.jra.go.jp/datafile/seiseki/report/2026/2026-3nakayama5.pdf,data/text/2026/2026-3nakayama5.txt,1,146320
2026-3nakayama6.pdf,2026,3,nakayama,6,https://www.jra.go.jp/datafile/seiseki/report/2026/2026-3nakayama6.pdf,data/text/2026/2026-3nakayama6.txt,1,142713
2026-3nakayama7.pdf,2026,3,nakayama,7,https://www.jra.go.jp/datafile/seiseki/report/2026/2026-3nakayama7.pdf,data/text/2026/2026-3nakayama7.txt,1,135774
2026-3nakayama8.pdf,2026,3,nakayama,8,https://www.jra.go.jp/datafile/seiseki/report/2026/2026-3nakayama8.pdf,data/text/2026/2026-3nakayama8.txt,1,148876
2026-4nakayama1.pdf,2026,4,nakayama,1,https://www.jra.go.jp/datafile/seiseki/report/2026/2026-4nakayama1.pdf,data/text/2026/2026-4nakayama1.txt,1,140560
2026-4nakayama2.pdf,2026,4,nakayama,2,https://www.jra.go.jp/datafile/seiseki/report/2026/2026-4nakayama2.pdf,data/text/2026/2026-4nakayama2.txt,1,141407
2026-1hanshin1.pdf,2026,1,hanshin,1,https://www.jra.go.jp/datafile/seiseki/report/2026/2026-1hanshin1.pdf,data/text/2026/2026-1hanshin1.txt,1,146698
2026-1hanshin2.pdf,2026,1,hanshin,2,https://www.jra.go.jp/datafile/seiseki/report/2026/2026-1hanshin2.pdf,data/text/2026/2026-1hanshin2.txt,1,132766
2026-1hanshin3.pdf,2026,1,hanshin,3,https://www.jra.go.jp/datafile/seiseki/report/2026/2026-1hanshin3.pdf,data/text/2026/2026-1hanshin3.txt,1,144859
2026-1hanshin4.pdf,2026,1,hanshin,4,https://www.jra.go.jp/datafile/seiseki/report/2026/2026-1hanshin4.pdf,data/text/2026/2026-1hanshin4.txt,1,139206
2026-1hanshin5.pdf,2026,1,hanshin,5,https://www.jra.go.jp/datafile/seiseki/report/2026/2026-1hanshin5.pdf,data/text/2026/2026-1hanshin5.txt,1,138863
2026-1hanshin6.pdf,2026,1,hanshin,6,https://www.jra.go.jp/datafile/seiseki/report/2026/2026-1hanshin6.pdf,data/text/2026/2026-1hanshin6.txt,1,136377
2026-1hanshin7.pdf,2026,1,hanshin,7,https://www.jra.go.jp/datafile/seiseki/report/2026/2026-1hanshin7.pdf,data/text/2026/2026-1hanshin7.txt,1,139322
2026-1hanshin8.pdf,2026,1,hanshin,8,https://www.jra.go.jp/datafile/seiseki/report/2026/2026-1hanshin8.pdf,data/text/2026/2026-1hanshin8.txt,1,137497
2026-1hanshin9.pdf,2026,1,hanshin,9,https://www.jra.go.jp/datafile/seiseki/report/2026/2026-1hanshin9.pdf,data/text/2026/2026-1hanshin9.txt,1,136837
2026-1hanshin10.pdf,2026,1,hanshin,10,https://www.jra.go.jp/datafile/seiseki/report/2026/2026-1hanshin10.pdf,data/text/2026/2026-1hanshin10.txt,1,142528
2026-2hanshin1.pdf,2026,2,hanshin,1,https://www.jra.go.jp/datafile/seiseki/report/2026/2026-2hanshin1.pdf,data/text/2026/2026-2hanshin1.txt,1,130104
2026-2hanshin2.pdf,2026,2,hanshin,2,https://www.jra.go.jp/datafile/seiseki/report/2026/2026-2hanshin2.pdf,data/text/2026/2026-2hanshin2.txt,1,136456
2026-2hanshin3.pdf,2026,2,hanshin,3,https://www.jra.go.jp/datafile/seiseki/report/2026/2026-2hanshin3.pdf,data/text/2026/2026-2hanshin3.txt,1,143322
2026-2hanshin4.pdf,2026,2,hanshin,4,https://www.jra.go.jp/datafile/seiseki/report/2026/2026-2hanshin4.pdf,data/text/2026/2026-2hanshin4.txt,1,146965
2026-2hanshin5.pdf,2026,2,hanshin,5,https://www.jra.go.jp/datafile/seiseki/report/2026/2026-2hanshin5.pdf,data/text/2026/2026-2hanshin5.txt,1,142535
2026-2hanshin6.pdf,2026,2,hanshin,6,https://www.jra.go.jp/datafile/seiseki/report/2026/2026-2hanshin6.pdf,data/text/2026/2026-2hanshin6.txt,1,149107
2026-2hanshin7.pdf,2026,2,hanshin,7,https://www.jra.go.jp/datafile/seiseki/report/2026/2026-2hanshin7.pdf,data/text/2026/2026-2hanshin7.txt,1,142309
2026-2hanshin8.pdf,2026,2,hanshin,8,https://www.jra.go.jp/datafile/seiseki/report/2026/2026-2hanshin8.pdf,data/text/2026/2026-2hanshin8.txt,1,138740
2026-3hanshin1.pdf,2026,3,hanshin,1,https://www.jra.go.jp/datafile/seiseki/report/2026/2026-3hanshin1.pdf,data/text/2026/2026-3hanshin1.txt,1,140910
2026-3hanshin2.pdf,2026,3,hanshin,2,https://www.jra.go.jp/datafile/seiseki/report/2026/2026-3hanshin2.pdf,data/text/2026/2026-3hanshin2.txt,1,147218
2026-3hanshin3.pdf,2026,3,hanshin,3,https://www.jra.go.jp/datafile/seiseki/report/2026/2026-3hanshin3.pdf,data/text/2026/2026-3hanshin3.txt,1,144682
2026-3hanshin4.pdf,2026,3,hanshin,4,https://www.jra.go.jp/datafile/seiseki/report/2026/2026-3hanshin4.pdf,data/text/2026/2026-3hanshin4.txt,1,148730
2026-3hanshin5.pdf,2026,3,hanshin,5,https://www.jra.go.jp/datafile/seiseki/report/2026/2026-3hanshin5.pdf,data/text/2026/2026-3hanshin5.txt,1,150657
2026-3hanshin6.pdf,2026,3,hanshin,6,https://www.jra.go.jp/datafile/seiseki/report/2026/2026-3hanshin6.pdf,data/text/2026/2026-3hanshin6.txt,1,152197
2026-4hanshin1.pdf,2026,4,hanshin,1,https://www.jra.go.jp/datafile/seiseki/report/2026/2026-4hanshin1.pdf,data/text/2026/2026-4hanshin1.txt,1,128882
2026-4hanshin2.pdf,2026,4,hanshin,2,https://www.jra.go.jp/datafile/seiseki/report/2026/2026-4hanshin2.pdf,data/text/2026/2026-4hanshin2.txt,1,140044
