file,year,kai,track,nichi,bytes
2021-1hanshin1.pdf,2021,1,hanshin,1,652942
2021-1hanshin2.pdf,2021,1,hanshin,2,725346
2021-1hanshin3.pdf,2021,1,hanshin,3,703129
2021-1hanshin4.pdf,2021,1,hanshin,4,738285
2021-1hanshin5.pdf,2021,1,hanshin,5,686991
2021-1hanshin6.pdf,2021,1,hanshin,6,746727
2021-1hanshin7.pdf,2021,1,hanshin,7,737723
2021-1hanshin8.pdf,2021,1,hanshin,8,701908
2021-1hanshin9.pdf,2021,1,hanshin,9,687688
2021-1hanshin10.pdf,2021,1,hanshin,10,685582
2021-1hanshin11.pdf,2021,1,hanshin,11,718142
2021-1hanshin12.pdf,2021,1,hanshin,12,738244
2021-2hanshin1.pdf,2021,2,hanshin,1,701556
2021-2hanshin2.pdf,2021,2,hanshin,2,432770
2021-2hanshin3.pdf,2021,2,hanshin,3,664696
2021-2hanshin4.pdf,2021,2,hanshin,4,742656
2021-2hanshin5.pdf,2021,2,hanshin,5,642418
2021-2hanshin6.pdf,2021,2,hanshin,6,751894
2021-2hanshin7.pdf,2021,2,hanshin,7,693420
2021-2hanshin8.pdf,2021,2,hanshin,8,758376
2021-2hanshin9.pdf,2021,2,hanshin,9,649403
2021-2hanshin10.pdf,2021,2,hanshin,10,714524
2021-2hanshin11.pdf,2021,2,hanshin,11,682894
2021-2hanshin12.pdf,2021,2,hanshin,12,762988
2021-3hanshin1.pdf,2021,3,hanshin,1,456590
2021-3hanshin2.pdf,2021,3,hanshin,2,463129
2021-3hanshin3.pdf,2021,3,hanshin,3,471445
2021-3hanshin4.pdf,2021,3,hanshin,4,507197
2021-4hanshin1.pdf,2021,4,hanshin,1,836353
2021-4hanshin2.pdf,2021,4,hanshin,2,791567
2021-4hanshin3.pdf,2021,4,hanshin,3,733339
2021-4hanshin4.pdf,2021,4,hanshin,4,790567
2021-4hanshin5.pdf,2021,4,hanshin,5,793959
2021-4hanshin6.pdf,2021,4,hanshin,6,821739
2021-4hanshin7.pdf,2021,4,hanshin,7,770372
2021-4hanshin8.pdf,2021,4,hanshin,8,783661
2021-5hanshin1.pdf,2021,5,hanshin,1,839780
2021-5hanshin2.pdf,2021,5,hanshin,2,816282
2021-5hanshin3.pdf,2021,5,hanshin,3,829512
2021-5hanshin4.pdf,2021,5,hanshin,4,752171
2021-5hanshin5.pdf,2021,5,hanshin,5,846328
2021-5hanshin6.pdf,2021,5,hanshin,6,775523
2021-5hanshin7.pdf,2021,5,hanshin,7,854830
2021-5hanshin8.pdf,2021,5,hanshin,8,796958
2021-6hanshin1.pdf,2021,6,hanshin,1,728012
2021-6hanshin2.pdf,2021,6,hanshin,2,862367
2021-6hanshin3.pdf,2021,6,hanshin,3,483692
2021-6hanshin4.pdf,2021,6,hanshin,4,781926
2021-6hanshin5.pdf,2021,6,hanshin,5,818216
2021-6hanshin6.pdf,2021,6,hanshin,6,659998
2021-6hanshin7.pdf,2021,6,hanshin,7,651385
2021-6hanshin8.pdf,2021,6,hanshin,8,835024
2021-6hanshin9.pdf,2021,6,hanshin,9,683793
2021-1nakayama1.pdf,2021,1,nakayama,1,787427
2021-1nakayama2.pdf,2021,1,nakayama,2,725280
2021-1nakayama3.pdf,2021,1,nakayama,3,755366
2021-1nakayama4.pdf,2021,1,nakayama,4,782508
2021-1nakayama5.pdf,2021,1,nakayama,5,671067
2021-1nakayama6.pdf,2021,1,nakayama,6,775183
2021-1nakayama7.pdf,2021,1,nakayama,7,654801
2021-1nakayama8.pdf,2021,1,nakayama,8,716195
2021-2nakayama1.pdf,2021,2,nakayama,1,682300
2021-2nakayama2.pdf,2021,2,nakayama,2,731175
2021-2nakayama3.pdf,2021,2,nakayama,3,709231
2021-2nakayama4.pdf,2021,2,nakayama,4,773955
2021-2nakayama5.pdf,2021,2,nakayama,5,679977
2021-2nakayama6.pdf,2021,2,nakayama,6,787384
2021-2nakayama7.pdf,2021,2,nakayama,7,742980
2021-2nakayama8.pdf,2021,2,nakayama,8,769205
2021-3nakayama1.pdf,2021,3,nakayama,1,695351
2021-3nakayama2.pdf,2021,3,nakayama,2,720615
2021-3nakayama3.pdf,2021,3,nakayama,3,705418
2021-3nakayama4.pdf,2021,3,nakayama,4,736505
2021-3nakayama5.pdf,2021,3,nakayama,5,689029
2021-3nakayama6.pdf,2021,3,nakayama,6,714817
2021-3nakayama7.pdf,2021,3,nakayama,7,724110
2021-3nakayama8.pdf,2021,3,nakayama,8,782324
2021-4nakayama1.pdf,2021,4,nakayama,1,545182
2021-4nakayama2.pdf,2021,4,nakayama,2,782209
2021-4nakayama3.pdf,2021,4,nakayama,3,739459
2021-4nakayama4.pdf,2021,4,nakayama,4,827284
2021-4nakayama5.pdf,2021,4,nakayama,5,894878
2021-4nakayama6.pdf,2021,4,nakayama,6,842885
2021-4nakayama7.pdf,2021,4,nakayama,7,866623
2021-4nakayama8.pdf,2021,4,nakayama,8,847718
2021-4nakayama9.pdf,2021,4,nakayama,9,849592
2021-5nakayama1.pdf,2021,5,nakayama,1,855049
2021-5nakayama2.pdf,2021,5,nakayama,2,851328
2021-5nakayama3.pdf,2021,5,nakayama,3,493255
2021-5nakayama4.pdf,2021,5,nakayama,4,787207
2021-5nakayama5.pdf,2021,5,nakayama,5,882271
2021-5nakayama6.pdf,2021,5,nakayama,6,801579
2021-5nakayama7.pdf,2021,5,nakayama,7,679802
2021-5nakayama8.pdf,2021,5,nakayama,8,959052
2021-5nakayama9.pdf,2021,5,nakayama,9,1012159
2022-1hanshin1.pdf,2022,1,hanshin,1,684140
2022-1hanshin2.pdf,2022,1,hanshin,2,683428
2022-1hanshin3.pdf,2022,1,hanshin,3,649662
2022-1hanshin4.pdf,2022,1,hanshin,4,693810
2022-1hanshin5.pdf,2022,1,hanshin,5,681031
2022-1hanshin6.pdf,2022,1,hanshin,6,737836
2022-1hanshin7.pdf,2022,1,hanshin,7,741715
2022-1hanshin8.pdf,2022,1,hanshin,8,716787
2022-1hanshin9.pdf,2022,1,hanshin,9,655688
2022-1hanshin10.pdf,2022,1,hanshin,10,688059
2022-1hanshin11.pdf,2022,1,hanshin,11,818819
2022-1hanshin12.pdf,2022,1,hanshin,12,959697
2022-2hanshin1.pdf,2022,2,hanshin,1,730094
2022-2hanshin2.pdf,2022,2,hanshin,2,693631
2022-2hanshin3.pdf,2022,2,hanshin,3,791862
2022-2hanshin4.pdf,2022,2,hanshin,4,764584
2022-2hanshin5.pdf,2022,2,hanshin,5,680741
2022-2hanshin6.pdf,2022,2,hanshin,6,753958
2022-2hanshin7.pdf,2022,2,hanshin,7,764964
2022-2hanshin8.pdf,2022,2,hanshin,8,704991
2022-2hanshin9.pdf,2022,2,hanshin,9,629315
2022-2hanshin10.pdf,2022,2,hanshin,10,690575
2022-2hanshin11.pdf,2022,2,hanshin,11,666218
2022-2hanshin12.pdf,2022,2,hanshin,12,717760
2022-3hanshin1.pdf,2022,3,hanshin,1,707743
2022-3hanshin2.pdf,2022,3,hanshin,2,792817
2022-3hanshin3.pdf,2022,3,hanshin,3,725188
2022-3hanshin4.pdf,2022,3,hanshin,4,782537
2022-4hanshin1.pdf,2022,4,hanshin,1,733485
2022-4hanshin2.pdf,2022,4,hanshin,2,784577
2022-4hanshin3.pdf,2022,4,hanshin,3,836520
2022-4hanshin4.pdf,2022,4,hanshin,4,723044
2022-4hanshin5.pdf,2022,4,hanshin,5,768243
2022-4hanshin6.pdf,2022,4,hanshin,6,718771
2022-4hanshin7.pdf,2022,4,hanshin,7,835187
2022-4hanshin8.pdf,2022,4,hanshin,8,770209
2022-4hanshin9.pdf,2022,4,hanshin,9,819007
2022-5hanshin1.pdf,2022,5,hanshin,1,751298
2022-5hanshin2.pdf,2022,5,hanshin,2,760800
2022-5hanshin3.pdf,2022,5,hanshin,3,731402
2022-5hanshin4.pdf,2022,5,hanshin,4,823608
2022-5hanshin5.pdf,2022,5,hanshin,5,772628
2022-5hanshin6.pdf,2022,5,hanshin,6,836769
2022-5hanshin7.pdf,2022,5,hanshin,7,832050
2022-5hanshin8.pdf,2022,5,hanshin,8,811078
2022-6hanshin1.pdf,2022,6,hanshin,1,727171
2022-6hanshin2.pdf,2022,6,hanshin,2,823602
2022-6hanshin3.pdf,2022,6,hanshin,3,849083
2022-6hanshin4.pdf,2022,6,hanshin,4,509011
2022-6hanshin5.pdf,2022,6,hanshin,5,759315
2022-6hanshin6.pdf,2022,6,hanshin,6,910718
2022-6hanshin7.pdf,2022,6,hanshin,7,680175
2022-6hanshin8.pdf,2022,6,hanshin,8,1005793
2022-6hanshin9.pdf,2022,6,hanshin,9,972449
2022-1nakayama1.pdf,2022,1,nakayama,1,738263
2022-1nakayama2.pdf,2022,1,nakayama,2,712535
2022-1nakayama3.pdf,2022,1,nakayama,3,456359
2022-1nakayama4.pdf,2022,1,nakayama,4,769136
2022-1nakayama5.pdf,2022,1,nakayama,5,624026
2022-1nakayama6.pdf,2022,1,nakayama,6,750378
2022-1nakayama7.pdf,2022,1,nakayama,7,649794
2022-1nakayama8.pdf,2022,1,nakayama,8,690831
2022-2nakayama1.pdf,2022,2,nakayama,1,662382
2022-2nakayama2.pdf,2022,2,nakayama,2,703753
2022-2nakayama3.pdf,2022,2,nakayama,3,752846
2022-2nakayama4.pdf,2022,2,nakayama,4,755400
2022-2nakayama5.pdf,2022,2,nakayama,5,669177
2022-2nakayama6.pdf,2022,2,nakayama,6,718175
2022-2nakayama7.pdf,2022,2,nakayama,7,751203
2022-2nakayama8.pdf,2022,2,nakayama,8,749872
2022-3nakayama1.pdf,2022,3,nakayama,1,679863
2022-3nakayama2.pdf,2022,3,nakayama,2,674230
2022-3nakayama3.pdf,2022,3,nakayama,3,702473
2022-3nakayama4.pdf,2022,3,nakayama,4,717125
2022-3nakayama5.pdf,2022,3,nakayama,5,721760
2022-3nakayama6.pdf,2022,3,nakayama,6,722528
2022-3nakayama7.pdf,2022,3,nakayama,7,664871
2022-3nakayama8.pdf,2022,3,nakayama,8,494249
2022-4nakayama1.pdf,2022,4,nakayama,1,779005
2022-4nakayama2.pdf,2022,4,nakayama,2,491603
2022-4nakayama3.pdf,2022,4,nakayama,3,751547
2022-4nakayama4.pdf,2022,4,nakayama,4,832516
2022-4nakayama5.pdf,2022,4,nakayama,5,1066910
2022-4nakayama6.pdf,2022,4,nakayama,6,547928
2022-4nakayama7.pdf,2022,4,nakayama,7,804910
2022-4nakayama8.pdf,2022,4,nakayama,8,782824
2022-4nakayama9.pdf,2022,4,nakayama,9,838547
2022-5nakayama1.pdf,2022,5,nakayama,1,847075
2022-5nakayama2.pdf,2022,5,nakayama,2,851506
2022-5nakayama3.pdf,2022,5,nakayama,3,800045
2022-5nakayama4.pdf,2022,5,nakayama,4,927803
2022-5nakayama5.pdf,2022,5,nakayama,5,821230
2022-5nakayama6.pdf,2022,5,nakayama,6,817643
2022-5nakayama7.pdf,2022,5,nakayama,7,682819
2022-5nakayama8.pdf,2022,5,nakayama,8,1052160
2022-5nakayama9.pdf,2022,5,nakayama,9,992430
2023-1hanshin1.pdf,2023,1,hanshin,1,670036
2023-1hanshin2.pdf,2023,1,hanshin,2,687192
2023-1hanshin3.pdf,2023,1,hanshin,3,671249
2023-1hanshin4.pdf,2023,1,hanshin,4,715745
2023-1hanshin5.pdf,2023,1,hanshin,5,711021
2023-1hanshin6.pdf,2023,1,hanshin,6,716628
2023-1hanshin7.pdf,2023,1,hanshin,7,724851
2023-1hanshin8.pdf,2023,1,hanshin,8,708508
2023-1hanshin9.pdf,2023,1,hanshin,9,671623
2023-1hanshin10.pdf,2023,1,hanshin,10,716631
2023-1hanshin11.pdf,2023,1,hanshin,11,665238
2023-1hanshin12.pdf,2023,1,hanshin,12,696324
2023-2hanshin1.pdf,2023,2,hanshin,1,703966
2023-2hanshin2.pdf,2023,2,hanshin,2,716701
2023-2hanshin3.pdf,2023,2,hanshin,3,708992
2023-2hanshin4.pdf,2023,2,hanshin,4,793882
2023-2hanshin5.pdf,2023,2,hanshin,5,710139
2023-2hanshin6.pdf,2023,2,hanshin,6,750590
2023-2hanshin7.pdf,2023,2,hanshin,7,713147
2023-2hanshin8.pdf,2023,2,hanshin,8,730075
2023-3hanshin1.pdf,2023,3,hanshin,1,714554
2023-3hanshin2.pdf,2023,3,hanshin,2,771379
2023-3hanshin3.pdf,2023,3,hanshin,3,693677
2023-3hanshin4.pdf,2023,3,hanshin,4,738663
2023-3hanshin5.pdf,2023,3,hanshin,5,796926
2023-3hanshin6.pdf,2023,3,hanshin,6,724395
2023-3hanshin7.pdf,2023,3,hanshin,7,735876
2023-3hanshin8.pdf,2023,3,hanshin,8,768784
2023-4hanshin1.pdf,2023,4,hanshin,1,823133
2023-4hanshin2.pdf,2023,4,hanshin,2,502071
2023-4hanshin3.pdf,2023,4,hanshin,3,763756
2023-4hanshin4.pdf,2023,4,hanshin,4,774335
2023-4hanshin5.pdf,2023,4,hanshin,5,1030883
2023-4hanshin6.pdf,2023,4,hanshin,6,753685
2023-4hanshin7.pdf,2023,4,hanshin,7,775101
2023-4hanshin8.pdf,2023,4,hanshin,8,792635
2023-4hanshin9.pdf,2023,4,hanshin,9,764333
2023-5hanshin1.pdf,2023,5,hanshin,1,722582
2023-5hanshin2.pdf,2023,5,hanshin,2,802458
2023-5hanshin3.pdf,2023,5,hanshin,3,746373
2023-5hanshin4.pdf,2023,5,hanshin,4,861285
2023-5hanshin5.pdf,2023,5,hanshin,5,762522
2023-5hanshin6.pdf,2023,5,hanshin,6,888374
2023-5hanshin7.pdf,2023,5,hanshin,7,677788
2023-5hanshin8.pdf,2023,5,hanshin,8,909374
2023-5hanshin9.pdf,2023,5,hanshin,9,957325
2023-1nakayama1.pdf,2023,1,nakayama,1,797707
2023-1nakayama2.pdf,2023,1,nakayama,2,691332
2023-1nakayama3.pdf,2023,1,nakayama,3,753484
2023-1nakayama4.pdf,2023,1,nakayama,4,747516
2023-1nakayama5.pdf,2023,1,nakayama,5,647534
2023-1nakayama6.pdf,2023,1,nakayama,6,717773
2023-1nakayama7.pdf,2023,1,nakayama,7,652694
2023-1nakayama8.pdf,2023,1,nakayama,8,909110
2023-2nakayama1.pdf,2023,2,nakayama,1,630436
2023-2nakayama2.pdf,2023,2,nakayama,2,734221
2023-2nakayama3.pdf,2023,2,nakayama,3,736341
2023-2nakayama4.pdf,2023,2,nakayama,4,775053
2023-2nakayama5.pdf,2023,2,nakayama,5,680571
2023-2nakayama6.pdf,2023,2,nakayama,6,714452
2023-2nakayama7.pdf,2023,2,nakayama,7,749320
2023-2nakayama8.pdf,2023,2,nakayama,8,763486
2023-3nakayama1.pdf,2023,3,nakayama,1,680388
2023-3nakayama2.pdf,2023,3,nakayama,2,740565
2023-3nakayama3.pdf,2023,3,nakayama,3,677000
2023-3nakayama4.pdf,2023,3,nakayama,4,717754
2023-3nakayama5.pdf,2023,3,nakayama,5,712452
2023-3nakayama6.pdf,2023,3,nakayama,6,702862
2023-3nakayama7.pdf,2023,3,nakayama,7,639349
2023-3nakayama8.pdf,2023,3,nakayama,8,774067
2023-4nakayama1.pdf,2023,4,nakayama,1,512866
2023-4nakayama2.pdf,2023,4,nakayama,2,802912
2023-4nakayama3.pdf,2023,4,nakayama,3,742953
2023-4nakayama4.pdf,2023,4,nakayama,4,832958
2023-4nakayama5.pdf,2023,4,nakayama,5,1225925
2023-4nakayama6.pdf,2023,4,nakayama,6,792936
2023-4nakayama7.pdf,2023,4,nakayama,7,862817
2023-4nakayama8.pdf,2023,4,nakayama,8,816286
2023-4nakayama9.pdf,2023,4,nakayama,9,863909
2023-5nakayama1.pdf,2023,5,nakayama,1,825595
2023-5nakayama2.pdf,2023,5,nakayama,2,920946
2023-5nakayama3.pdf,2023,5,nakayama,3,798469
2023-5nakayama4.pdf,2023,5,nakayama,4,853002
2023-5nakayama5.pdf,2023,5,nakayama,5,825913
2023-5nakayama6.pdf,2023,5,nakayama,6,918323
2023-5nakayama7.pdf,2023,5,nakayama,7,692889
2023-5nakayama8.pdf,2023,5,nakayama,8,958368
2023-5nakayama9.pdf,2023,5,nakayama,9,1027918
2024-1hanshin1.pdf,2024,1,hanshin,1,650313
2024-1hanshin2.pdf,2024,1,hanshin,2,696093
2024-1hanshin3.pdf,2024,1,hanshin,3,660802
2024-1hanshin4.pdf,2024,1,hanshin,4,672406
2024-1hanshin5.pdf,2024,1,hanshin,5,647822
2024-1hanshin6.pdf,2024,1,hanshin,6,726144
2024-1hanshin7.pdf,2024,1,hanshin,7,660382
2024-1hanshin8.pdf,2024,1,hanshin,8,429503
2024-2hanshin1.pdf,2024,2,hanshin,1,641274
2024-2hanshin2.pdf,2024,2,hanshin,2,693400
2024-2hanshin3.pdf,2024,2,hanshin,3,677057
2024-2hanshin4.pdf,2024,2,hanshin,4,762510
2024-2hanshin5.pdf,2024,2,hanshin,5,651227
2024-2hanshin6.pdf,2024,2,hanshin,6,735418
2024-2hanshin7.pdf,2024,2,hanshin,7,653040
2024-2hanshin8.pdf,2024,2,hanshin,8,717007
2024-1nakayama1.pdf,2024,1,nakayama,1,819842
2024-1nakayama2.pdf,2024,1,nakayama,2,771909
2024-1nakayama3.pdf,2024,1,nakayama,3,824171
2024-1nakayama4.pdf,2024,1,nakayama,4,759727
2024-1nakayama5.pdf,2024,1,nakayama,5,775460
2024-1nakayama6.pdf,2024,1,nakayama,6,650270
2024-1nakayama7.pdf,2024,1,nakayama,7,719894
2024-2nakayama1.pdf,2024,2,nakayama,1,666336
2024-2nakayama2.pdf,2024,2,nakayama,2,696835
2024-2nakayama3.pdf,2024,2,nakayama,3,684427
2024-2nakayama4.pdf,2024,2,nakayama,4,763116
2024-2nakayama5.pdf,2024,2,nakayama,5,670085
2024-2nakayama6.pdf,2024,2,nakayama,6,743750
2024-2nakayama7.pdf,2024,2,nakayama,7,686588
2024-2nakayama8.pdf,2024,2,nakayama,8,922997
2024-3nakayama1.pdf,2024,3,nakayama,1,441219
2024-3nakayama2.pdf,2024,3,nakayama,2,706787
2024-3nakayama3.pdf,2024,3,nakayama,3,674987
2024-3nakayama4.pdf,2024,3,nakayama,4,746261
2024-3nakayama5.pdf,2024,3,nakayama,5,689607
2024-3nakayama6.pdf,2024,3,nakayama,6,734111
2024-3nakayama7.pdf,2024,3,nakayama,7,641169
2024-3nakayama8.pdf,2024,3,nakayama,8,758661
2024-4nakayama1.pdf,2024,4,nakayama,1,676975
2024-4nakayama2.pdf,2024,4,nakayama,2,677483
2024-4nakayama3.pdf,2024,4,nakayama,3,810338
2024-4nakayama4.pdf,2024,4,nakayama,4,699571
2024-4nakayama5.pdf,2024,4,nakayama,5,1013630
2024-4nakayama6.pdf,2024,4,nakayama,6,683871
2024-4nakayama7.pdf,2024,4,nakayama,7,717977
2024-4nakayama8.pdf,2024,4,nakayama,8,457109
2024-4nakayama9.pdf,2024,4,nakayama,9,736908
2024-5nakayama1.pdf,2024,5,nakayama,1,742326
2024-5nakayama2.pdf,2024,5,nakayama,2,741847
2024-5nakayama3.pdf,2024,5,nakayama,3,704795
2024-5nakayama4.pdf,2024,5,nakayama,4,700317
2024-5nakayama5.pdf,2024,5,nakayama,5,736900
2024-5nakayama6.pdf,2024,5,nakayama,6,749268
2024-5nakayama7.pdf,2024,5,nakayama,7,1122835
2024-5nakayama8.pdf,2024,5,nakayama,8,763584
2024-5nakayama9.pdf,2024,5,nakayama,9,772106
2025-1hanshin1.pdf,2025,1,hanshin,1,652556
2025-1hanshin2.pdf,2025,1,hanshin,2,700140
2025-1hanshin3.pdf,2025,1,hanshin,3,664350
2025-1hanshin4.pdf,2025,1,hanshin,4,713055
2025-1hanshin5.pdf,2025,1,hanshin,5,670775
2025-1hanshin6.pdf,2025,1,hanshin,6,719036
2025-1hanshin7.pdf,2025,1,hanshin,7,660424
2025-1hanshin8.pdf,2025,1,hanshin,8,714885
2025-2hanshin1.pdf,2025,2,hanshin,1,653701
2025-2hanshin2.pdf,2025,2,hanshin,2,721580
2025-2hanshin3.pdf,2025,2,hanshin,3,711845
2025-2hanshin4.pdf,2025,2,hanshin,4,726051
2025-2hanshin5.pdf,2025,2,hanshin,5,657276
2025-2hanshin6.pdf,2025,2,hanshin,6,731515
2025-2hanshin7.pdf,2025,2,hanshin,7,558820
2025-2hanshin8.pdf,2025,2,hanshin,8,502339
2025-3hanshin1.pdf,2025,3,hanshin,1,665270
2025-3hanshin2.pdf,2025,3,hanshin,2,734623
2025-3hanshin3.pdf,2025,3,hanshin,3,717019
2025-3hanshin4.pdf,2025,3,hanshin,4,724853
2025-3hanshin5.pdf,2025,3,hanshin,5,713456
2025-3hanshin6.pdf,2025,3,hanshin,6,706953
2025-4hanshin1.pdf,2025,4,hanshin,1,647379
2025-4hanshin2.pdf,2025,4,hanshin,2,631743
2025-4hanshin3.pdf,2025,4,hanshin,3,645173
2025-4hanshin4.pdf,2025,4,hanshin,4,743309
2025-4hanshin5.pdf,2025,4,hanshin,5,759968
2025-4hanshin6.pdf,2025,4,hanshin,6,683355
2025-4hanshin7.pdf,2025,4,hanshin,7,697668
2025-4hanshin8.pdf,2025,4,hanshin,8,691359
2025-4hanshin9.pdf,2025,4,hanshin,9,722203
2025-5hanshin1.pdf,2025,5,hanshin,1,687042
2025-5hanshin2.pdf,2025,5,hanshin,2,690421
2025-5hanshin3.pdf,2025,5,hanshin,3,629551
2025-5hanshin4.pdf,2025,5,hanshin,4,674044
2025-5hanshin5.pdf,2025,5,hanshin,5,713299
2025-5hanshin6.pdf,2025,5,hanshin,6,712334
2025-5hanshin7.pdf,2025,5,hanshin,7,718841
2025-5hanshin8.pdf,2025,5,hanshin,8,734605
2025-1nakayama1.pdf,2025,1,nakayama,1,725101
2025-1nakayama2.pdf,2025,1,nakayama,2,707523
2025-1nakayama3.pdf,2025,1,nakayama,3,678970
2025-1nakayama4.pdf,2025,1,nakayama,4,762403
2025-1nakayama5.pdf,2025,1,nakayama,5,730226
2025-1nakayama6.pdf,2025,1,nakayama,6,718830
2025-1nakayama7.pdf,2025,1,nakayama,7,723883
2025-1nakayama8.pdf,2025,1,nakayama,8,645156
2025-1nakayama9.pdf,2025,1,nakayama,9,745091
2025-2nakayama1.pdf,2025,2,nakayama,1,666923
2025-2nakayama2.pdf,2025,2,nakayama,2,718931
2025-2nakayama3.pdf,2025,2,nakayama,3,663350
2025-2nakayama4.pdf,2025,2,nakayama,4,801924
2025-2nakayama5.pdf,2025,2,nakayama,5,663776
2025-2nakayama6.pdf,2025,2,nakayama,6,741829
2025-2nakayama7.pdf,2025,2,nakayama,7,720991
2025-2nakayama8.pdf,2025,2,nakayama,8,734566
2025-3nakayama1.pdf,2025,3,nakayama,1,671690
2025-3nakayama2.pdf,2025,3,nakayama,2,485690
2025-3nakayama3.pdf,2025,3,nakayama,3,1055768
2025-3nakayama4.pdf,2025,3,nakayama,4,548020
2025-3nakayama5.pdf,2025,3,nakayama,5,672972
2025-3nakayama6.pdf,2025,3,nakayama,6,727264
2025-3nakayama7.pdf,2025,3,nakayama,7,670239
2025-3nakayama8.pdf,2025,3,nakayama,8,498978
2025-4nakayama1.pdf,2025,4,nakayama,1,641098
2025-4nakayama2.pdf,2025,4,nakayama,2,701833
2025-4nakayama3.pdf,2025,4,nakayama,3,716173
2025-4nakayama4.pdf,2025,4,nakayama,4,694058
2025-4nakayama5.pdf,2025,4,nakayama,5,815368
2025-4nakayama6.pdf,2025,4,nakayama,6,440533
2025-4nakayama7.pdf,2025,4,nakayama,7,754864
2025-4nakayama8.pdf,2025,4,nakayama,8,674274
2025-4nakayama9.pdf,2025,4,nakayama,9,740100
2025-5nakayama1.pdf,2025,5,nakayama,1,746349
2025-5nakayama2.pdf,2025,5,nakayama,2,726537
2025-5nakayama3.pdf,2025,5,nakayama,3,719650
2025-5nakayama4.pdf,2025,5,nakayama,4,708423
2025-5nakayama5.pdf,2025,5,nakayama,5,710849
2025-5nakayama6.pdf,2025,5,nakayama,6,738999
2025-5nakayama7.pdf,2025,5,nakayama,7,738441
2025-5nakayama8.pdf,2025,5,nakayama,8,745368
2026-1hanshin1.pdf,2026,1,hanshin,1,678545
2026-1hanshin2.pdf,2026,1,hanshin,2,673739
2026-1hanshin3.pdf,2026,1,hanshin,3,662304
2026-1hanshin4.pdf,2026,1,hanshin,4,711717
2026-1hanshin5.pdf,2026,1,hanshin,5,664546
2026-1hanshin6.pdf,2026,1,hanshin,6,694432
2026-1hanshin7.pdf,2026,1,hanshin,7,661361
2026-1hanshin8.pdf,2026,1,hanshin,8,690948
2026-1hanshin9.pdf,2026,1,hanshin,9,609517
2026-1hanshin10.pdf,2026,1,hanshin,10,496244
2026-2hanshin1.pdf,2026,2,hanshin,1,631765
2026-2hanshin2.pdf,2026,2,hanshin,2,677228
2026-2hanshin3.pdf,2026,2,hanshin,3,666971
2026-2hanshin4.pdf,2026,2,hanshin,4,719618
2026-2hanshin5.pdf,2026,2,hanshin,5,665662
2026-2hanshin6.pdf,2026,2,hanshin,6,739350
2026-2hanshin7.pdf,2026,2,hanshin,7,668179
2026-2hanshin8.pdf,2026,2,hanshin,8,742597
2026-3hanshin1.pdf,2026,3,hanshin,1,713634
2026-3hanshin2.pdf,2026,3,hanshin,2,715764
2026-3hanshin3.pdf,2026,3,hanshin,3,667027
2026-3hanshin4.pdf,2026,3,hanshin,4,720756
2026-3hanshin5.pdf,2026,3,hanshin,5,463201
2026-3hanshin6.pdf,2026,3,hanshin,6,724852
2026-4hanshin1.pdf,2026,4,hanshin,1,674312
2026-4hanshin2.pdf,2026,4,hanshin,2,710228
2026-1nakayama1.pdf,2026,1,nakayama,1,698019
2026-1nakayama2.pdf,2026,1,nakayama,2,672651
2026-1nakayama3.pdf,2026,1,nakayama,3,643289
2026-1nakayama4.pdf,2026,1,nakayama,4,458350
2026-1nakayama5.pdf,2026,1,nakayama,5,744502
2026-1nakayama6.pdf,2026,1,nakayama,6,665245
2026-1nakayama7.pdf,2026,1,nakayama,7,768233
2026-1nakayama8.pdf,2026,1,nakayama,8,661364
2026-1nakayama9.pdf,2026,1,nakayama,9,725237
2026-2nakayama1.pdf,2026,2,nakayama,1,714921
2026-2nakayama2.pdf,2026,2,nakayama,2,733338
2026-2nakayama3.pdf,2026,2,nakayama,3,690231
2026-2nakayama4.pdf,2026,2,nakayama,4,753927
2026-2nakayama5.pdf,2026,2,nakayama,5,736090
2026-2nakayama6.pdf,2026,2,nakayama,6,729631
2026-2nakayama7.pdf,2026,2,nakayama,7,667601
2026-2nakayama8.pdf,2026,2,nakayama,8,718852
2026-3nakayama1.pdf,2026,3,nakayama,1,722720
2026-3nakayama2.pdf,2026,3,nakayama,2,697951
2026-3nakayama3.pdf,2026,3,nakayama,3,694449
2026-3nakayama4.pdf,2026,3,nakayama,4,735041
2026-3nakayama5.pdf,2026,3,nakayama,5,666697
2026-3nakayama6.pdf,2026,3,nakayama,6,696311
2026-3nakayama7.pdf,2026,3,nakayama,7,656040
2026-3nakayama8.pdf,2026,3,nakayama,8,747559
2026-4nakayama1.pdf,2026,4,nakayama,1,727756
2026-4nakayama2.pdf,2026,4,nakayama,2,693949
